,word1,word1_tag,word2,word2_tag,simi
0,sun,n,sunlight,n,50.0
1,automobile,n,car,n,50.0
2,river,n,water,n,49.0
3,stair,n,staircase,n,49.0
4,morning,n,sunrise,n,49.0
5,rain,n,storm,n,49.0
6,cat,n,kitten,n,49.0
7,dance,n,dancer,n,49.0
8,camera,n,photography,n,49.0
9,cat,n,feline,j,48.0
10,sunny,j,sunshine,n,48.0
11,pregnancy,n,pregnant,j,48.0
12,beach,n,sand,n,48.0
13,bakery,n,bread,n,48.0
14,flower,n,garden,n,48.0
15,grass,n,lawn,n,48.0
16,copper,n,metal,n,48.0
17,photo,n,photography,n,47.0
18,cemetery,n,graveyard,n,47.0
19,gravestone,n,graveyard,n,47.0
20,sun,n,sunshine,n,47.0
21,black,j,dark,j,47.0
22,cathedral,n,church,n,47.0
23,frozen,j,ice,n,47.0
24,station,n,subway,n,47.0
25,child,n,kid,n,46.0
26,aquarium,n,fish,n,46.0
27,light,n,lighting,n,46.0
28,fungus,n,mushroom,n,46.0
29,frost,n,snow,n,46.0
30,burn,v,flame,n,46.0
31,ocean,n,sea,n,46.0
32,candy,n,chocolate,n,46.0
33,car,n,vehicle,n,46.0
34,concert,n,music,n,46.0
35,photo,n,picture,n,46.0
36,grape,n,wine,n,46.0
37,bath,n,bathroom,n,46.0
38,bud,n,flower,n,46.0
39,cat,n,kitty,n,46.0
40,ocean,n,water,n,46.0
41,aircraft,n,airplane,n,46.0
42,butterfly,n,caterpillar,n,46.0
43,hair,n,wig,n,46.0
44,blossom,n,bud,n,46.0
45,highway,n,road,n,46.0
46,bunny,n,rabbit,n,46.0
47,bread,n,sandwich,n,46.0
48,mist,n,misty,j,46.0
49,flower,n,petal,n,46.0
50,airplane,n,flight,n,46.0
51,fish,n,fishing,n,46.0
52,ice,n,snow,n,46.0
53,bright,j,sun,n,45.0
54,shade,n,tree,n,45.0
55,bicycle,n,bike,n,45.0
56,truck,n,vehicle,n,45.0
57,shore,n,water,n,45.0
58,boat,n,fishing,n,45.0
59,dog,n,puppy,n,45.0
60,bride,n,wedding,n,45.0
61,bird,n,hummingbird,n,45.0
62,sea,n,water,n,45.0
63,cow,n,milk,n,45.0
64,bird,n,feather,n,45.0
65,skate,n,skating,n,45.0
66,chapel,n,church,n,45.0
67,branch,n,twig,n,45.0
68,concert,n,musician,n,45.0
69,clothes,n,dress,n,45.0
70,automobile,n,vehicle,n,45.0
71,splash,n,swimming,n,45.0
72,bed,n,furniture,n,45.0
73,aircraft,n,flight,n,45.0
74,reptile,n,snake,n,45.0
75,motorcycle,n,scooter,n,45.0
76,coffee,n,tea,n,45.0
77,feather,n,goose,n,45.0
78,pool,n,swimming,n,45.0
79,eye,n,face,n,45.0
80,dirt,n,dirty,j,45.0
81,railway,n,train,n,45.0
82,harbour,n,port,n,45.0
83,fruit,n,strawberry,n,45.0
84,flight,n,plane,n,45.0
85,smoke,n,smoking,n,45.0
86,ivy,n,plant,n,45.0
87,river,n,stream,n,45.0
88,lake,n,water,n,45.0
89,kitten,n,kitty,n,45.0
90,snow,n,snowman,n,45.0
91,dog,n,terrier,n,45.0
92,daffodil,n,flower,n,45.0
93,pond,n,water,n,45.0
94,show,n,television,n,44.0
95,handwriting,n,write,v,44.0
96,flood,n,water,n,44.0
97,jazz,n,musician,n,44.0
98,eagle,n,feather,n,44.0
99,grape,n,vine,n,44.0
100,bird,n,hawk,n,44.0
101,clothes,n,outfit,n,44.0
102,exhibition,n,museum,n,44.0
103,hand,n,palm,n,44.0
104,grave,n,graveyard,n,44.0
105,berry,n,strawberry,n,44.0
106,forest,n,oak,n,44.0
107,crochet,n,knit,v,44.0
108,bird,n,eagle,n,44.0
109,canine,j,puppy,n,44.0
110,bar,n,cocktail,n,44.0
111,bar,n,pub,n,44.0
112,sunlight,n,sunshine,n,44.0
113,apple,n,fruit,n,44.0
114,sun,n,sunrise,n,44.0
115,gymnastics,n,sport,n,44.0
116,sailing,n,ship,n,44.0
117,beach,n,sea,n,44.0
118,game,n,hockey,n,44.0
119,bed,n,pillow,n,44.0
120,daffodil,n,tulip,n,44.0
121,flower,n,plant,n,44.0
122,fire,n,smoke,n,44.0
123,canine,j,dog,n,44.0
124,bracelet,n,jewelry,n,44.0
125,feline,j,kitty,n,44.0
126,architecture,n,building,n,44.0
127,shop,n,shopping,n,44.0
128,highway,n,traffic,n,44.0
129,lizard,n,reptile,n,44.0
130,music,n,piano,n,44.0
131,strawberry,n,sweet,j,44.0
132,snow,n,winter,n,44.0
133,autumn,n,spring,n,44.0
134,bacon,n,meat,n,44.0
135,raspberry,n,strawberry,n,44.0
136,chipmunk,n,squirrel,n,44.0
137,coast,n,harbor,n,44.0
138,dress,n,skirt,n,44.0
139,sun,n,sunny,j,44.0
140,lily,n,tulip,n,44.0
141,grave,n,gravestone,n,44.0
142,bright,j,sunny,j,44.0
143,dandelion,n,plant,n,44.0
144,light,n,sunlight,n,44.0
145,hill,n,mountain,n,43.0
146,burger,n,food,n,43.0
147,sea,n,shore,n,43.0
148,feather,n,peacock,n,43.0
149,child,n,mother,n,43.0
150,night,n,sunset,n,43.0
151,orange,j,peel,n,43.0
152,subway,n,train,n,43.0
153,camera,n,lens,n,43.0
154,daisy,n,petal,n,43.0
155,aircraft,n,wing,n,43.0
156,bloom,n,flower,n,43.0
157,clothes,n,jacket,n,43.0
158,dinner,n,restaurant,n,43.0
159,swim,v,swimming,n,43.0
160,cemetery,n,gravestone,n,43.0
161,cigarette,n,smoke,n,43.0
162,shirt,n,skirt,n,43.0
163,baby,n,pregnant,j,43.0
164,cherry,n,fruit,n,43.0
165,beef,n,meat,n,43.0
166,blossom,n,daffodil,n,43.0
167,bloom,n,blossom,n,43.0
168,maple,n,oak,n,43.0
169,frost,n,winter,n,43.0
170,colour,n,pink,j,43.0
171,dog,n,poodle,n,43.0
172,lantern,n,light,n,43.0
173,coast,n,sea,n,43.0
174,tunnel,n,underground,j,43.0
175,dog,n,pet,n,43.0
176,hair,n,haircut,n,43.0
177,day,n,sunset,n,43.0
178,bikini,n,swimsuit,n,43.0
179,rail,n,railway,n,43.0
180,art,n,museum,n,43.0
181,painting,n,portrait,n,43.0
182,dress,n,wedding,n,43.0
183,poodle,n,puppy,n,43.0
184,port,n,ship,n,43.0
185,bloom,n,tulip,n,43.0
186,cold,j,winter,n,43.0
187,bakery,n,cake,n,43.0
188,building,n,roof,n,43.0
189,iron,n,steel,n,43.0
190,bird,n,stork,n,43.0
191,lily,n,plant,n,43.0
192,eat,v,food,n,43.0
193,bathroom,n,kitchen,n,43.0
194,jazz,n,music,n,43.0
195,fabric,n,wool,n,43.0
196,aquarium,n,tank,n,43.0
197,fire,n,flame,n,43.0
198,bloom,n,rose,n,43.0
199,leaf,n,nature,n,43.0
200,town,n,village,n,43.0
201,apple,n,orange,j,43.0
202,dawn,n,sunrise,n,43.0
203,engine,n,gasoline,n,43.0
204,oak,n,tree,n,43.0
205,guitar,n,piano,n,43.0
206,chocolate,n,dessert,n,43.0
207,cat,n,paw,n,43.0
208,bird,n,goose,n,43.0
209,blue,j,sky,n,43.0
210,pool,n,swim,v,43.0
211,bracelet,n,necklace,n,42.0
212,fruit,n,salad,n,42.0
213,egg,n,nest,n,42.0
214,boat,n,sailing,n,42.0
215,bird,n,crow,n,42.0
216,bird,n,flamingo,n,42.0
217,day,n,sunshine,n,42.0
218,hockey,n,sport,n,42.0
219,burger,n,eat,v,42.0
220,fruit,n,raspberry,n,42.0
221,lunch,n,sandwich,n,42.0
222,foot,n,toe,n,42.0
223,baby,n,mother,n,42.0
224,amphibian,n,frog,n,42.0
225,burn,v,fire,n,42.0
226,hockey,n,ice,n,42.0
227,cold,j,frozen,j,42.0
228,oak,n,wood,n,42.0
229,photographer,n,photography,n,42.0
230,man,n,woman,n,42.0
231,hair,n,redhead,n,42.0
232,harbor,n,port,n,42.0
233,pug,n,puppy,n,42.0
234,sunrise,n,sunset,n,42.0
235,leather,n,shoe,n,42.0
236,beach,n,shore,n,42.0
237,color,n,red,j,42.0
238,paint,v,painting,n,42.0
239,storm,n,wind,n,42.0
240,color,n,violet,n,42.0
241,rain,n,wet,j,42.0
242,diner,n,eat,v,42.0
243,bed,n,bedroom,n,42.0
244,guitar,n,musician,n,42.0
245,petal,n,rose,n,42.0
246,rail,n,subway,n,42.0
247,holiday,n,vacation,n,42.0
248,bed,n,sleep,v,42.0
249,cigarette,n,smoking,n,42.0
250,airplane,n,plane,n,42.0
251,daffodil,n,plant,n,42.0
252,diner,n,kitchen,n,42.0
253,coin,n,silver,n,42.0
254,cake,n,chocolate,n,42.0
255,evening,n,night,n,42.0
256,race,n,racing,n,42.0
257,flight,n,fly,v,42.0
258,face,n,lip,n,42.0
259,berry,n,raspberry,n,42.0
260,lamp,n,light,n,42.0
261,bird,n,nest,n,42.0
262,mother,n,pregnant,j,42.0
263,animal,n,pet,n,42.0
264,butterfly,n,insect,n,42.0
265,sky,n,sunrise,n,42.0
266,canine,j,husky,n,42.0
267,food,n,meat,n,42.0
268,cloud,n,sky,n,42.0
269,crow,n,feather,n,42.0
270,blossom,n,flower,n,42.0
271,splash,n,swim,v,42.0
272,band,n,musician,n,42.0
273,cactus,n,plant,n,42.0
274,eagle,n,hawk,n,42.0
275,harbour,n,sea,n,42.0
276,flower,n,foliage,n,42.0
277,red,j,violet,n,42.0
278,music,n,sing,v,42.0
279,breakfast,n,morning,n,42.0
280,cafe,n,restaurant,n,42.0
281,beach,n,coast,n,42.0
282,puddle,n,splash,n,42.0
283,bird,n,pelican,n,42.0
284,clothes,n,sock,n,42.0
285,amphibian,n,lizard,n,41.0
286,daughter,n,son,n,41.0
287,car,n,motor,n,41.0
288,amphibian,n,reptile,n,41.0
289,day,n,morning,n,41.0
290,aircraft,n,fly,v,41.0
291,airplane,n,airport,n,41.0
292,metro,n,train,n,41.0
293,band,n,music,n,41.0
294,shadow,n,sunlight,n,41.0
295,night,n,sleep,v,41.0
296,salad,n,soup,n,41.0
297,porch,n,roof,n,41.0
298,eye,n,tear,n,41.0
299,colour,n,rainbow,n,41.0
300,berry,n,fruit,n,41.0
301,red,j,yellow,j,41.0
302,sock,n,stocking,n,41.0
303,flamingo,n,hummingbird,n,41.0
304,tree,n,twig,n,41.0
305,kiss,n,lip,n,41.0
306,burger,n,sandwich,n,41.0
307,pregnant,j,woman,n,41.0
308,rain,n,weather,n,41.0
309,dinner,n,eat,v,41.0
310,feather,n,hawk,n,41.0
311,animal,n,zoo,n,41.0
312,duck,n,mallard,n,41.0
313,mountain,n,valley,n,41.0
314,beach,n,harbour,n,41.0
315,musician,n,rock,n,41.0
316,band,n,guitar,n,41.0
317,car,n,garage,n,41.0
318,foot,n,leg,n,41.0
319,sky,n,sunlight,n,41.0
320,mist,n,rain,n,41.0
321,mother,n,son,n,41.0
322,airplane,n,wing,n,41.0
323,colour,n,red,j,41.0
324,music,n,musician,n,41.0
325,bay,n,beach,n,41.0
326,blonde,j,redhead,n,41.0
327,petal,n,plant,n,41.0
328,kitchen,n,room,n,41.0
329,lingerie,n,sexy,j,41.0
330,automobile,n,parking,n,41.0
331,bar,n,restaurant,n,41.0
332,bedroom,n,room,n,41.0
333,bus,n,taxi,n,41.0
334,fun,n,happy,j,41.0
335,station,n,train,n,41.0
336,pelican,n,stork,n,41.0
337,black,j,grey,j,41.0
338,orange,j,yellow,j,41.0
339,foliage,n,petal,n,41.0
340,park,n,parking,n,41.0
341,lip,n,tongue,n,41.0
342,fog,n,misty,j,41.0
343,canine,j,poodle,n,41.0
344,bath,n,wash,v,41.0
345,foliage,n,tree,n,41.0
346,panorama,n,view,n,41.0
347,bloom,n,daisy,n,41.0
348,escalator,n,stair,n,41.0
349,petal,n,tulip,n,41.0
350,fishing,n,sea,n,41.0
351,beef,n,cattle,n,41.0
352,noodle,n,rice,n,41.0
353,bird,n,parrot,n,41.0
354,fruit,n,orange,j,41.0
355,mural,n,painting,n,41.0
356,airport,n,flight,n,41.0
357,shopping,n,store,n,41.0
358,summer,n,sunny,j,41.0
359,road,n,sidewalk,n,41.0
360,airplane,n,fly,v,41.0
361,guitar,n,music,n,40.0
362,cat,n,whisker,n,40.0
363,family,n,friend,n,40.0
364,bloom,n,petal,n,40.0
365,musician,n,piano,n,40.0
366,dirty,j,wash,v,40.0
367,elephant,n,giraffe,n,40.0
368,puppy,n,terrier,n,40.0
369,breakfast,n,kitchen,n,40.0
370,subway,n,underground,j,40.0
371,sand,n,shore,n,40.0
372,butterfly,n,dragonfly,n,40.0
373,cheetah,n,lion,n,40.0
374,color,n,yellow,j,40.0
375,door,n,lock,v,40.0
376,bright,j,sunlight,n,40.0
377,van,n,vehicle,n,40.0
378,orange,j,red,j,40.0
379,beetle,n,insect,n,40.0
380,kid,n,mom,n,40.0
381,daughter,n,mother,n,40.0
382,child,n,school,n,40.0
383,giraffe,n,zebra,n,40.0
384,harbor,n,harbour,n,40.0
385,lamb,n,sheep,n,40.0
386,heart,n,love,n,40.0
387,lily,n,rose,n,40.0
388,asphalt,n,road,n,40.0
389,morning,n,sunny,j,40.0
390,coast,n,shore,n,40.0
391,sunny,j,sunset,n,40.0
392,nest,n,twig,n,40.0
393,happy,j,smile,n,40.0
394,figure,n,skating,n,40.0
395,rail,n,train,n,40.0
396,door,n,wall,n,40.0
397,dawn,n,sun,n,40.0
398,feather,n,stork,n,40.0
399,morning,n,sunshine,n,40.0
400,building,n,construction,n,40.0
401,cafe,n,coffee,n,40.0
402,bloom,n,bud,n,40.0
403,jacket,n,leather,n,40.0
404,map,n,travel,n,40.0
405,plant,n,seed,n,40.0
406,city,n,metro,n,40.0
407,pebble,n,sand,n,40.0
408,cafe,n,lunch,n,40.0
409,coast,n,harbour,n,40.0
410,dog,n,pug,n,40.0
411,sky,n,sun,n,40.0
412,mallard,n,swan,n,40.0
413,cloud,n,rain,n,40.0
414,sky,n,sunshine,n,40.0
415,frost,n,weather,n,40.0
416,cherry,n,raspberry,n,40.0
417,downtown,j,street,n,40.0
418,bloom,n,dandelion,n,40.0
419,dragonfly,n,insect,n,40.0
420,bottle,n,wine,n,40.0
421,feel,v,happy,j,40.0
422,railway,n,station,n,40.0
423,beach,n,swimming,n,40.0
424,cafe,n,diner,n,40.0
425,cafe,n,pub,n,40.0
426,building,n,tall,j,40.0
427,burger,n,meat,n,40.0
428,gold,n,silver,n,40.0
429,summer,n,weather,n,40.0
430,military,j,soldier,n,40.0
431,cemetery,n,grave,n,40.0
432,pizza,n,restaurant,n,39.0
433,bright,j,colour,n,39.0
434,canine,j,paw,n,39.0
435,swim,v,underwater,j,39.0
436,sea,n,swim,v,39.0
437,pub,n,restaurant,n,39.0
438,day,n,time,n,39.0
439,canine,j,terrier,n,39.0
440,bottle,n,glass,n,39.0
441,bed,n,relax,v,39.0
442,seed,n,sunflower,n,39.0
443,bird,n,owl,n,39.0
444,art,n,sculpture,n,39.0
445,light,n,shade,n,39.0
446,apartment,n,staircase,n,39.0
447,outfit,n,sock,n,39.0
448,carrot,n,potato,n,39.0
449,lizard,n,snake,n,39.0
450,city,n,sidewalk,n,39.0
451,guitar,n,rock,n,39.0
452,brick,n,building,n,39.0
453,eat,v,soup,n,39.0
454,dew,n,misty,j,39.0
455,blue,j,colour,n,39.0
456,dawn,n,morning,n,39.0
457,cooking,n,restaurant,n,39.0
458,bay,n,sea,n,39.0
459,cafe,n,shop,n,39.0
460,floor,n,roof,n,39.0
461,clothes,n,hat,n,39.0
462,marble,n,stone,n,39.0
463,duck,n,goose,n,39.0
464,collection,n,museum,n,39.0
465,happy,j,love,n,39.0
466,bakery,n,shop,n,39.0
467,mist,n,wet,j,39.0
468,blossom,n,petal,n,39.0
469,bright,j,light,n,39.0
470,rice,n,sushi,n,39.0
471,cooking,n,meat,n,39.0
472,day,n,night,n,39.0
473,kiss,n,love,n,39.0
474,stream,n,waterfall,n,39.0
475,interior,n,room,n,39.0
476,surf,n,surfer,n,39.0
477,poodle,n,terrier,n,39.0
478,cold,j,frost,n,39.0
479,city,n,town,n,39.0
480,ocean,n,underwater,j,39.0
481,harbor,n,sailing,n,39.0
482,scenery,n,sunset,n,39.0
483,green,j,violet,n,39.0
484,harbor,n,ship,n,39.0
485,summer,n,sunshine,n,39.0
486,blue,j,grey,j,39.0
487,art,n,graphic,j,39.0
488,lake,n,shore,n,39.0
489,rust,n,rusty,j,39.0
490,architecture,n,design,n,39.0
491,goose,n,swan,n,39.0
492,architecture,n,construction,n,39.0
493,hawk,n,nest,n,39.0
494,carrot,n,salad,n,39.0
495,fruit,n,tomato,n,39.0
496,purple,j,violet,n,39.0
497,misty,j,rain,n,39.0
498,clothes,n,jean,n,39.0
499,bloom,n,daffodil,n,39.0
500,brick,n,construction,n,39.0
501,diner,n,restaurant,n,39.0
502,ceiling,n,roof,n,39.0
503,paint,v,portrait,n,39.0
504,ripple,n,wave,n,39.0
505,beard,n,face,n,39.0
506,apple,n,raspberry,n,39.0
507,fashion,n,outfit,n,39.0
508,downtown,j,skyscraper,n,39.0
509,bud,n,daffodil,n,39.0
510,harbor,n,shore,n,39.0
511,blonde,j,hair,n,39.0
512,kitten,n,paw,n,39.0
513,bay,n,shore,n,39.0
514,shop,n,store,n,39.0
515,gravestone,n,memorial,n,38.0
516,canine,j,pug,n,38.0
517,crow,n,hawk,n,38.0
518,dress,n,outfit,n,38.0
519,city,n,urban,j,38.0
520,bedroom,n,door,n,38.0
521,bus,n,tram,n,38.0
522,spring,n,summer,n,38.0
523,scenery,n,waterfall,n,38.0
524,road,n,traffic,n,38.0
525,hill,n,valley,n,38.0
526,ceiling,n,floor,n,38.0
527,splash,n,water,n,38.0
528,grass,n,weed,n,38.0
529,sunny,j,weather,n,38.0
530,parrot,n,wing,n,38.0
531,daisy,n,violet,n,38.0
532,copper,n,silver,n,38.0
533,baseball,n,hockey,n,38.0
534,pet,n,poodle,n,38.0
535,blossom,n,foliage,n,38.0
536,pink,j,purple,j,38.0
537,grey,j,shade,n,38.0
538,panorama,n,scenery,n,38.0
539,downtown,j,metro,n,38.0
540,beard,n,hair,n,38.0
541,dandelion,n,petal,n,38.0
542,blue,j,violet,n,38.0
543,daisy,n,flower,n,38.0
544,noodle,n,soup,n,38.0
545,pet,n,puppy,n,38.0
546,bud,n,petal,n,38.0
547,ancient,j,ruin,n,38.0
548,eye,n,iris,n,38.0
549,puddle,n,water,n,38.0
550,harbor,n,sea,n,38.0
551,painting,n,sculpture,n,38.0
552,sand,n,sea,n,38.0
553,feline,j,kitten,n,38.0
554,bird,n,swan,n,38.0
555,baseball,n,game,n,38.0
556,colour,n,purple,j,38.0
557,pool,n,splash,n,38.0
558,cattle,n,sheep,n,38.0
559,landscape,n,scenery,n,38.0
560,coin,n,gold,n,38.0
561,boat,n,shore,n,38.0
562,skyscraper,n,tall,j,38.0
563,apple,n,cherry,n,38.0
564,beef,n,chicken,n,38.0
565,hot,j,sunny,j,38.0
566,dessert,n,fruit,n,38.0
567,photographer,n,portrait,n,38.0
568,chicken,n,meat,n,38.0
569,ceiling,n,interior,n,38.0
570,bathroom,n,bedroom,n,38.0
571,hummingbird,n,stork,n,38.0
572,motor,n,vehicle,n,38.0
573,colour,n,grey,j,38.0
574,blue,j,orange,j,38.0
575,dawn,n,dusk,n,38.0
576,building,n,downtown,j,38.0
577,face,n,tear,n,38.0
578,boat,n,harbour,n,38.0
579,cattle,n,farm,n,38.0
580,drip,v,wet,j,38.0
581,brown,j,green,j,38.0
582,bedroom,n,ceiling,n,38.0
583,bread,n,eat,v,38.0
584,dinner,n,evening,n,38.0
585,face,n,smile,n,38.0
586,bride,n,dress,n,38.0
587,stone,n,wall,n,38.0
588,mural,n,paint,v,38.0
589,foliage,n,plant,n,38.0
590,day,n,dusk,n,38.0
591,roof,n,wall,n,38.0
592,cooking,n,food,n,38.0
593,photography,n,portrait,n,38.0
594,bud,n,foliage,n,38.0
595,lily,n,pond,n,37.0
596,harbour,n,shore,n,37.0
597,palm,n,tree,n,37.0
598,bus,n,subway,n,37.0
599,holiday,n,travel,n,37.0
600,skyline,n,view,n,37.0
601,bedroom,n,cottage,n,37.0
602,dinner,n,lunch,n,37.0
603,grave,n,memorial,n,37.0
604,dessert,n,sweet,j,37.0
605,bird,n,insect,n,37.0
606,concert,n,rock,n,37.0
607,mushroom,n,tomato,n,37.0
608,metro,n,railway,n,37.0
609,giraffe,n,zoo,n,37.0
610,railway,n,subway,n,37.0
611,misty,j,weather,n,37.0
612,parrot,n,pelican,n,37.0
613,bedroom,n,sleep,v,37.0
614,autumn,n,summer,n,37.0
615,automobile,n,truck,n,37.0
616,amphibian,n,mammal,n,37.0
617,cemetery,n,memorial,n,37.0
618,orange,j,purple,j,37.0
619,blue,j,color,n,37.0
620,daffodil,n,rose,n,37.0
621,berry,n,seed,n,37.0
622,hummingbird,n,mallard,n,37.0
623,dandelion,n,grass,n,37.0
624,brick,n,concrete,j,37.0
625,costume,n,dress,n,37.0
626,cloud,n,mist,n,37.0
627,sea,n,tropical,j,37.0
628,brown,j,grey,j,37.0
629,bathroom,n,room,n,37.0
630,daisy,n,plant,n,37.0
631,paint,v,picture,n,37.0
632,eye,n,lip,n,37.0
633,autumn,n,winter,n,37.0
634,drip,v,rain,n,37.0
635,horizon,n,sky,n,37.0
636,black,j,blue,j,37.0
637,metro,n,station,n,37.0
638,alley,n,street,n,37.0
639,child,n,family,n,37.0
640,mountain,n,scenery,n,37.0
641,concrete,j,construction,n,37.0
642,mill,n,windmill,n,37.0
643,summer,n,winter,n,37.0
644,plant,n,twig,n,37.0
645,breakfast,n,lunch,n,37.0
646,concrete,j,floor,n,37.0
647,rain,n,sky,n,37.0
648,food,n,frozen,j,37.0
649,moss,n,plant,n,37.0
650,flower,n,spring,n,37.0
651,bird,n,mallard,n,37.0
652,graphic,j,illustration,n,37.0
653,eat,v,fruit,n,37.0
654,ceiling,n,porch,n,37.0
655,river,n,valley,n,37.0
656,fog,n,mist,n,37.0
657,dude,n,guy,n,37.0
658,moon,n,sky,n,37.0
659,bar,n,sushi,n,37.0
660,beauty,n,scenery,n,37.0
661,feather,n,mallard,n,37.0
662,furniture,n,patio,n,37.0
663,light,n,shadow,n,37.0
664,bay,n,harbour,n,37.0
665,wash,v,water,n,37.0
666,flight,n,owl,n,37.0
667,paw,n,whisker,n,37.0
668,costume,n,wig,n,37.0
669,animal,n,giraffe,n,37.0
670,autumn,n,foliage,n,37.0
671,animal,n,cattle,n,37.0
672,building,n,skyscraper,n,37.0
673,ice,n,skating,n,37.0
674,meat,n,potato,n,37.0
675,bud,n,twig,n,37.0
676,knit,v,stitch,n,37.0
677,hot,j,sunshine,n,37.0
678,bed,n,room,n,37.0
679,music,n,rock,n,37.0
680,cooking,n,rice,n,37.0
681,berry,n,cherry,n,37.0
682,piano,n,play,v,37.0
683,flower,n,lily,n,37.0
684,cherry,n,strawberry,n,37.0
685,clothes,n,skirt,n,37.0
686,art,n,painting,n,37.0
687,bird,n,gull,n,37.0
688,spiral,n,staircase,n,37.0
689,paw,n,pet,n,37.0
690,feather,n,nest,n,37.0
691,feather,n,owl,n,37.0
692,blossom,n,cherry,n,37.0
693,goat,n,sheep,n,37.0
694,green,j,pink,j,37.0
695,foliage,n,garden,n,37.0
696,dog,n,husky,n,37.0
697,feather,n,hummingbird,n,37.0
698,sunshine,n,weather,n,37.0
699,snow,n,weather,n,37.0
700,surfer,n,wave,n,37.0
701,breakfast,n,dinner,n,37.0
702,shoe,n,toe,n,37.0
703,band,n,play,v,37.0
704,coffee,n,mug,n,37.0
705,brick,n,wall,n,37.0
706,fishing,n,sailing,n,37.0
707,grey,j,white,j,37.0
708,orange,j,strawberry,n,37.0
709,color,n,purple,j,37.0
710,blossom,n,daisy,n,37.0
711,hawk,n,owl,n,37.0
712,exhibition,n,photography,n,37.0
713,morning,n,night,n,37.0
714,band,n,concert,n,37.0
715,dress,n,shirt,n,37.0
716,river,n,waterfall,n,37.0
717,ceramic,j,tile,n,36.0
718,cloud,n,droplet,n,36.0
719,exhibition,n,sculpture,n,36.0
720,oak,n,twig,n,36.0
721,movie,n,television,n,36.0
722,butterfly,n,hummingbird,n,36.0
723,daisy,n,grass,n,36.0
724,floor,n,marble,n,36.0
725,canyon,n,river,n,36.0
726,decoration,n,interior,n,36.0
727,flamingo,n,stork,n,36.0
728,bear,v,mother,n,36.0
729,moon,n,sun,n,36.0
730,musician,n,sing,v,36.0
731,green,j,red,j,36.0
732,purple,j,white,j,36.0
733,canine,j,pet,n,36.0
734,morning,n,sleep,v,36.0
735,weather,n,winter,n,36.0
736,sky,n,sunny,j,36.0
737,jacket,n,sock,n,36.0
738,blue,j,red,j,36.0
739,green,j,grey,j,36.0
740,lily,n,petal,n,36.0
741,blue,j,purple,j,36.0
742,goose,n,mallard,n,36.0
743,hotel,n,restaurant,n,36.0
744,downtown,j,urban,j,36.0
745,jean,n,skirt,n,36.0
746,guy,n,people,n,36.0
747,birthday,n,happy,j,36.0
748,chicken,n,soup,n,36.0
749,fly,v,wing,n,36.0
750,door,n,room,n,36.0
751,skyline,n,skyscraper,n,36.0
752,cheetah,n,giraffe,n,36.0
753,feline,j,pet,n,36.0
754,car,n,parking,n,36.0
755,gull,n,mallard,n,36.0
756,spring,n,winter,n,36.0
757,daffodil,n,spring,n,36.0
758,building,n,skyline,n,36.0
759,salad,n,tomato,n,36.0
760,book,n,write,v,36.0
761,bucket,n,water,n,36.0
762,lady,n,sexy,j,36.0
763,ceiling,n,room,n,36.0
764,puddle,n,rain,n,36.0
765,costume,n,outfit,n,36.0
766,hill,n,scenery,n,36.0
767,bacon,n,chicken,n,36.0
768,dawn,n,night,n,36.0
769,cocktail,n,restaurant,n,36.0
770,daffodil,n,petal,n,36.0
771,canyon,n,valley,n,36.0
772,brick,n,house,n,36.0
773,band,n,rock,n,36.0
774,book,n,illustration,n,36.0
775,desk,n,sit,v,36.0
776,bright,j,sky,n,36.0
777,autumn,n,sunny,j,36.0
778,colour,n,yellow,j,36.0
779,cold,j,weather,n,36.0
780,blue,j,green,j,36.0
781,glitter,v,sunlight,n,36.0
782,drip,v,water,n,36.0
783,day,n,misty,j,36.0
784,food,n,noodle,n,36.0
785,goat,n,milk,n,36.0
786,pink,j,yellow,j,36.0
787,floor,n,interior,n,36.0
788,black,j,purple,j,36.0
789,door,n,window,n,36.0
790,city,n,skyline,n,36.0
791,bear,v,live,v,35.0
792,art,n,work,n,35.0
793,pink,j,violet,n,35.0
794,bath,n,room,n,35.0
795,dew,n,rain,n,35.0
796,boy,n,girl,n,35.0
797,canyon,n,mountain,n,35.0
798,white,j,yellow,j,35.0
799,colour,n,shade,n,35.0
800,banana,n,cherry,n,35.0
801,mammal,n,rodent,n,35.0
802,explosion,n,fire,n,35.0
803,shore,n,swim,v,35.0
804,cloud,n,misty,j,35.0
805,sit,v,stand,v,35.0
806,glitter,v,gold,n,35.0
807,black,j,white,j,35.0
808,light,n,neon,n,35.0
809,machine,n,wash,v,35.0
810,coffee,n,dinner,n,35.0
811,feather,n,flamingo,n,35.0
812,downtown,j,sidewalk,n,35.0
813,cooking,n,eat,v,35.0
814,feline,j,paw,n,35.0
815,crow,n,gull,n,35.0
816,festival,n,music,n,35.0
817,dirt,n,road,n,35.0
818,gull,n,pelican,n,35.0
819,carrot,n,tomato,n,35.0
820,blossom,n,tree,n,35.0
821,restaurant,n,shop,n,35.0
822,cherry,n,grape,n,35.0
823,automobile,n,racing,n,35.0
824,jazz,n,piano,n,35.0
825,hawk,n,pelican,n,35.0
826,baseball,n,play,v,35.0
827,bloom,n,plant,n,35.0
828,ceiling,n,wall,n,35.0
829,beef,n,potato,n,35.0
830,breakfast,n,restaurant,n,35.0
831,black,j,colour,n,35.0
832,bright,j,glitter,v,35.0
833,hummingbird,n,nest,n,35.0
834,feline,j,whisker,n,35.0
835,beach,n,holiday,n,35.0
836,sailing,n,shore,n,35.0
837,design,n,graphic,j,35.0
838,music,n,track,n,35.0
839,air,n,cold,j,35.0
840,dessert,n,eat,v,35.0
841,chocolate,n,strawberry,n,35.0
842,dinner,n,night,n,35.0
843,dusk,n,sunrise,n,35.0
844,boat,n,sink,v,35.0
845,beef,n,cooking,n,35.0
846,jacket,n,jean,n,35.0
847,computer,n,lab,n,35.0
848,downtown,j,skyline,n,35.0
849,fun,n,game,n,35.0
850,ivy,n,tree,n,35.0
851,nest,n,wasp,n,35.0
852,garden,n,pumpkin,n,35.0
853,curl,v,haircut,n,35.0
854,eat,v,meat,n,35.0
855,outfit,n,skirt,n,35.0
856,bacon,n,beef,n,35.0
857,skyscraper,n,tower,n,35.0
858,splash,n,wash,v,35.0
859,daffodil,n,foliage,n,34.0
860,garden,n,patio,n,34.0
861,metro,n,subway,n,34.0
862,beach,n,scenery,n,34.0
863,photographer,n,wedding,n,34.0
864,floor,n,room,n,34.0
865,purple,j,yellow,j,34.0
866,guitar,n,sing,v,34.0
867,petal,n,yellow,j,34.0
868,bead,n,necklace,n,34.0
869,black,j,brown,j,34.0
870,dessert,n,strawberry,n,34.0
871,beef,n,lamb,n,34.0
872,bread,n,potato,n,34.0
873,fishing,n,harbour,n,34.0
874,pug,n,terrier,n,34.0
875,evening,n,time,n,34.0
876,office,n,table,n,34.0
877,cat,n,lick,v,34.0
878,building,n,interior,n,34.0
879,crochet,n,stitch,n,34.0
880,spring,n,sunshine,n,34.0
881,concert,n,jazz,n,34.0
882,cooking,n,soup,n,34.0
883,shade,n,sun,n,34.0
884,tall,j,tower,n,34.0
885,pepper,n,salad,n,34.0
886,strawberry,n,tomato,n,34.0
887,fruit,n,peel,n,34.0
888,scenery,n,skyline,n,34.0
889,green,j,yellow,j,34.0
890,brown,j,orange,j,34.0
891,colour,n,orange,j,34.0
892,harbour,n,ship,n,34.0
893,violet,n,yellow,j,34.0
894,sport,n,swimming,n,34.0
895,friend,n,happy,j,34.0
896,blue,j,pink,j,34.0
897,blossom,n,orange,j,34.0
898,rail,n,station,n,34.0
899,potato,n,salad,n,34.0
900,interior,n,wall,n,34.0
901,hawk,n,hummingbird,n,34.0
902,cliff,n,coast,n,34.0
903,feather,n,wing,n,34.0
904,brown,j,yellow,j,34.0
905,raspberry,n,sweet,j,34.0
906,concert,n,sing,v,34.0
907,art,n,craft,n,34.0
908,bloom,n,foliage,n,34.0
909,chicken,n,rice,n,34.0
910,cherry,n,orange,j,34.0
911,blossom,n,fruit,n,34.0
912,animal,n,wild,j,34.0
913,line,n,railway,n,34.0
914,roof,n,tile,n,34.0
915,concert,n,piano,n,34.0
916,potato,n,rice,n,34.0
917,cloud,n,sunshine,n,34.0
918,marble,n,statue,n,34.0
919,frozen,j,meat,n,34.0
920,band,n,punk,n,34.0
921,insect,n,reptile,n,34.0
922,building,n,staircase,n,34.0
923,bed,n,breakfast,n,34.0
924,bloom,n,lily,n,34.0
925,blonde,j,girl,n,34.0
926,jean,n,outfit,n,34.0
927,bread,n,cooking,n,34.0
928,flower,n,violet,n,34.0
929,peel,n,skin,n,34.0
930,dessert,n,diner,n,34.0
931,art,n,exhibition,n,34.0
932,jacket,n,shirt,n,34.0
933,brown,j,purple,j,34.0
934,floor,n,patio,n,34.0
935,downtown,j,highway,n,34.0
936,purple,j,red,j,34.0
937,dragonfly,n,frog,n,33.0
938,mammal,n,monkey,n,33.0
939,mist,n,morning,n,33.0
940,feather,n,gull,n,33.0
941,gull,n,stork,n,33.0
942,dusk,n,morning,n,33.0
943,guitar,n,play,v,33.0
944,bloom,n,violet,n,33.0
945,mallard,n,stork,n,33.0
946,band,n,piano,n,33.0
947,glitter,v,sky,n,33.0
948,orange,j,pink,j,33.0
949,potato,n,soup,n,33.0
950,grey,j,violet,n,33.0
951,construction,n,demolition,n,33.0
952,scenery,n,valley,n,33.0
953,morning,n,sky,n,33.0
954,beach,n,cliff,n,33.0
955,storm,n,tropical,j,33.0
956,black,j,pink,j,33.0
957,hat,n,jacket,n,33.0
958,dragonfly,n,hummingbird,n,33.0
959,pink,j,white,j,33.0
960,blue,j,yellow,j,33.0
961,cold,j,hot,j,33.0
962,flower,n,pink,j,33.0
963,bright,j,star,n,33.0
964,restaurant,n,sushi,n,33.0
965,guitar,n,keyboard,n,33.0
966,diner,n,sushi,n,33.0
967,furniture,n,room,n,33.0
968,desert,n,scenery,n,33.0
969,cafe,n,dinner,n,33.0
970,bakery,n,cafe,n,33.0
971,flamingo,n,pelican,n,33.0
972,salad,n,sandwich,n,33.0
973,bright,j,dark,j,33.0
974,building,n,floor,n,33.0
975,bacon,n,eat,v,33.0
976,apartment,n,floor,n,33.0
977,railway,n,underground,j,33.0
978,lip,n,smile,n,33.0
979,fungus,n,plant,n,33.0
980,breakfast,n,diner,n,33.0
981,feather,n,pelican,n,33.0
982,bath,n,hot,j,33.0
983,arch,n,roof,n,33.0
984,game,n,match,n,33.0
985,metro,n,rail,n,33.0
986,decoration,n,wood,n,33.0
987,building,n,demolition,n,33.0
988,art,n,collage,n,33.0
989,ship,n,sink,v,33.0
990,grey,j,purple,j,33.0
991,garden,n,lawn,n,33.0
992,orange,j,violet,n,33.0
993,ivy,n,oak,n,33.0
994,dog,n,lick,v,33.0
995,dawn,n,sunny,j,33.0
996,fun,n,kid,n,33.0
997,lunch,n,restaurant,n,33.0
998,metro,n,underground,j,33.0
999,eat,v,strawberry,n,33.0
1000,foliage,n,rose,n,33.0
1001,evening,n,sleep,v,33.0
1002,construction,n,interior,n,33.0
1003,weather,n,wet,j,33.0
1004,fruit,n,nut,n,33.0
1005,car,n,park,n,33.0
1006,ink,n,pencil,n,32.0
1007,frost,n,wet,j,32.0
1008,mural,n,work,n,32.0
1009,berry,n,blossom,n,32.0
1010,decoration,n,lighting,n,32.0
1011,man,n,muscle,n,32.0
1012,drip,v,puddle,n,32.0
1013,porch,n,stair,n,32.0
1014,brown,j,red,j,32.0
1015,iron,n,rusty,j,32.0
1016,apartment,n,bedroom,n,32.0
1017,foliage,n,lily,n,32.0
1018,face,n,happy,j,32.0
1019,airport,n,traffic,n,32.0
1020,rain,n,wind,n,32.0
1021,handwriting,n,sketch,n,32.0
1022,city,n,live,v,32.0
1023,rain,n,sunny,j,32.0
1024,blonde,j,haircut,n,32.0
1025,abandon,v,ruin,n,32.0
1026,black,j,yellow,j,32.0
1027,bacon,n,cooking,n,32.0
1028,dragonfly,n,pond,n,32.0
1029,ceiling,n,staircase,n,32.0
1030,morning,n,time,n,32.0
1031,potato,n,sweet,j,32.0
1032,day,n,sunny,j,32.0
1033,hotel,n,house,n,32.0
1034,guy,n,haircut,n,32.0
1035,mud,n,sand,n,32.0
1036,staircase,n,wall,n,32.0
1037,brown,j,white,j,32.0
1038,dinner,n,sit,v,32.0
1039,evening,n,morning,n,32.0
1040,bench,n,sit,v,32.0
1041,hummingbird,n,pelican,n,32.0
1042,bike,n,chopper,n,32.0
1043,foliage,n,tulip,n,32.0
1044,bar,n,cafe,n,32.0
1045,autumn,n,sunshine,n,32.0
1046,potato,n,tomato,n,32.0
1047,scenery,n,trail,n,32.0
1048,jacket,n,skirt,n,32.0
1049,construction,n,skyscraper,n,32.0
1050,chicken,n,lamb,n,32.0
1051,grey,j,orange,j,32.0
1052,bikini,n,lake,n,32.0
1053,carrot,n,soup,n,32.0
1054,bar,n,diner,n,32.0
1055,dessert,n,frozen,j,32.0
1056,cooking,n,diner,n,32.0
1057,violet,n,white,j,32.0
1058,apple,n,dessert,n,32.0
1059,cooking,n,noodle,n,32.0
1060,bear,v,son,n,32.0
1061,insect,n,lizard,n,32.0
1062,foliage,n,twig,n,32.0
1063,outdoor,j,pool,n,32.0
1064,morning,n,sunset,n,32.0
1065,escalator,n,subway,n,32.0
1066,bacon,n,soup,n,32.0
1067,berry,n,sweet,j,32.0
1068,grey,j,pink,j,32.0
1069,rain,n,sunshine,n,32.0
1070,game,n,play,v,32.0
1071,cocktail,n,dinner,n,32.0
1072,building,n,concrete,j,32.0
1073,street,n,town,n,32.0
1074,friend,n,love,n,32.0
1075,festival,n,musician,n,32.0
1076,berry,n,twig,n,32.0
1077,ball,n,drop,v,31.0
1078,black,j,violet,n,31.0
1079,hawk,n,wild,j,31.0
1080,cooking,n,salad,n,31.0
1081,floor,n,staircase,n,31.0
1082,lawn,n,patio,n,31.0
1083,guy,n,sport,n,31.0
1084,blossom,n,purple,j,31.0
1085,cold,j,rain,n,31.0
1086,reptile,n,wild,j,31.0
1087,glitter,v,sunshine,n,31.0
1088,room,n,staircase,n,31.0
1089,mammal,n,wild,j,31.0
1090,interior,n,paint,v,31.0
1091,forest,n,frog,n,31.0
1092,ceiling,n,window,n,31.0
1093,coast,n,sailing,n,31.0
1094,relax,v,sit,v,31.0
1095,fungus,n,moss,n,31.0
1096,interior,n,staircase,n,31.0
1097,bride,n,photographer,n,31.0
1098,dirt,n,racing,n,31.0
1099,frozen,j,raspberry,n,31.0
1100,boy,n,school,n,31.0
1101,brown,j,violet,n,31.0
1102,play,v,stadium,n,31.0
1103,chapel,n,graveyard,n,31.0
1104,dew,n,frost,n,31.0
1105,dark,j,grey,j,31.0
1106,desert,n,mountain,n,31.0
1107,berry,n,purple,j,31.0
1108,collage,n,illustration,n,31.0
1109,cold,j,wet,j,31.0
1110,burger,n,cooking,n,31.0
1111,day,n,evening,n,31.0
1112,jean,n,shirt,n,31.0
1113,blue,j,white,j,31.0
1114,giraffe,n,lion,n,31.0
1115,dandelion,n,foliage,n,31.0
1116,bird,n,reptile,n,31.0
1117,bathroom,n,floor,n,31.0
1118,love,n,smile,n,31.0
1119,small,j,village,n,31.0
1120,hat,n,jean,n,31.0
1121,bright,j,orange,j,31.0
1122,bud,n,fruit,n,31.0
1123,fall,v,tear,n,31.0
1124,food,n,fruit,n,31.0
1125,red,j,white,j,31.0
1126,collage,n,exhibition,n,31.0
1127,orange,j,raspberry,n,31.0
1128,hat,n,outfit,n,31.0
1129,hockey,n,play,v,31.0
1130,berry,n,eat,v,31.0
1131,bag,n,pillow,n,31.0
1132,bread,n,salad,n,31.0
1133,bathroom,n,ceiling,n,31.0
1134,bacon,n,burger,n,31.0
1135,ceramic,j,floor,n,31.0
1136,fun,n,relax,v,31.0
1137,dawn,n,misty,j,31.0
1138,hot,j,weather,n,31.0
1139,pepper,n,potato,n,31.0
1140,pink,j,red,j,31.0
1141,interior,n,roof,n,31.0
1142,cute,j,kid,n,31.0
1143,vine,n,wine,n,31.0
1144,skyline,n,tower,n,31.0
1145,pet,n,terrier,n,31.0
1146,girl,n,sexy,j,31.0
1147,downtown,j,subway,n,31.0
1148,jump,n,leg,n,31.0
1149,dessert,n,salad,n,31.0
1150,shirt,n,sock,n,31.0
1151,exhibition,n,painting,n,31.0
1152,boardwalk,n,trail,n,31.0
1153,apple,n,blossom,n,31.0
1154,hawk,n,mallard,n,31.0
1155,hand,n,stand,v,31.0
1156,flower,n,yellow,j,31.0
1157,floor,n,porch,n,31.0
1158,drip,v,wash,v,31.0
1159,foliage,n,ivy,n,31.0
1160,cliff,n,waterfall,n,30.0
1161,foliage,n,fruit,n,30.0
1162,orange,j,white,j,30.0
1163,station,n,underground,j,30.0
1164,foliage,n,yellow,j,30.0
1165,dude,n,friend,n,30.0
1166,forest,n,tropical,j,30.0
1167,rain,n,sun,n,30.0
1168,belly,n,dance,n,30.0
1169,man,n,sexy,j,30.0
1170,colorful,j,outfit,n,30.0
1171,reptile,n,rodent,n,30.0
1172,burger,n,salad,n,30.0
1173,fruit,n,sweet,j,30.0
1174,flamingo,n,mallard,n,30.0
1175,garage,n,kitchen,n,30.0
1176,roof,n,stair,n,30.0
1177,club,n,hockey,n,30.0
1178,house,n,staircase,n,30.0
1179,feel,v,kiss,n,30.0
1180,bright,j,red,j,30.0
1181,lake,n,valley,n,30.0
1182,door,n,patio,n,30.0
1183,apartment,n,kitchen,n,30.0
1184,grey,j,yellow,j,30.0
1185,chicken,n,salad,n,30.0
1186,punk,n,rock,n,30.0
1187,bloom,n,twig,n,30.0
1188,blonde,j,wig,n,30.0
1189,cold,j,water,n,30.0
1190,blur,v,lens,n,30.0
1191,door,n,porch,n,30.0
1192,foliage,n,orchid,n,30.0
1193,door,n,interior,n,30.0
1194,female,j,makeup,n,30.0
1195,cloud,n,sunlight,n,30.0
1196,beach,n,pebble,n,30.0
1197,bright,j,yellow,j,30.0
1198,bed,n,floor,n,30.0
1199,cherry,n,dessert,n,30.0
1200,misty,j,sunrise,n,30.0
1201,dark,j,shade,n,30.0
1202,railroad,n,underground,j,30.0
1203,cafe,n,donut,n,30.0
1204,musician,n,punk,n,30.0
1205,memorial,n,people,n,30.0
1206,stop,v,time,n,30.0
1207,glitter,v,star,n,30.0
1208,fun,n,idea,n,30.0
1209,band,n,uniform,j,30.0
1210,insect,n,plant,n,30.0
1211,bedroom,n,kitchen,n,30.0
1212,harbour,n,scenery,n,30.0
1213,collage,n,painting,n,30.0
1214,mist,n,sky,n,30.0
1215,dawn,n,sunshine,n,30.0
1216,costume,n,shirt,n,30.0
1217,mud,n,water,n,30.0
1218,blossom,n,violet,n,30.0
1219,fishing,n,shore,n,30.0
1220,cloud,n,sunny,j,30.0
1221,shade,n,sunlight,n,30.0
1222,friend,n,smile,n,30.0
1223,bacon,n,salad,n,30.0
1224,pod,n,round,n,30.0
1225,flower,n,fruit,n,30.0
1226,abstract,j,museum,n,30.0
1227,door,n,stair,n,30.0
1228,foot,n,tall,j,30.0
1229,cooking,n,fruit,n,30.0
1230,burger,n,soup,n,30.0
1231,match,n,play,v,30.0
1232,cattle,n,goat,n,29.0
1233,camera,n,theatre,n,29.0
1234,flower,n,wild,j,29.0
1235,lick,v,lip,n,29.0
1236,lunch,n,tea,n,29.0
1237,berry,n,dessert,n,29.0
1238,downtown,j,shopping,n,29.0
1239,kitchen,n,wash,v,29.0
1240,petal,n,twig,n,29.0
1241,happy,j,kid,n,29.0
1242,amphibian,n,bird,n,29.0
1243,cold,j,sunny,j,29.0
1244,meat,n,soup,n,29.0
1245,camel,n,desert,n,29.0
1246,foliage,n,shade,n,29.0
1247,restaurant,n,room,n,29.0
1248,couple,n,family,n,29.0
1249,bird,n,mammal,n,29.0
1250,arch,n,porch,n,29.0
1251,kitty,n,lick,v,29.0
1252,blossom,n,ivy,n,29.0
1253,grey,j,red,j,29.0
1254,bright,j,pink,j,29.0
1255,bay,n,cliff,n,29.0
1256,door,n,staircase,n,29.0
1257,chess,n,toy,n,29.0
1258,gull,n,hummingbird,n,29.0
1259,beauty,n,peacock,n,29.0
1260,boardwalk,n,park,n,29.0
1261,city,n,ruin,n,29.0
1262,bay,n,swim,v,29.0
1263,daisy,n,foliage,n,29.0
1264,apartment,n,bathroom,n,29.0
1265,flower,n,purple,j,29.0
1266,hill,n,path,n,29.0
1267,match,n,stadium,n,29.0
1268,monument,n,ruin,n,29.0
1269,dark,j,white,j,29.0
1270,ancient,j,city,n,29.0
1271,lick,v,puppy,n,29.0
1272,metal,n,punk,n,29.0
1273,hotel,n,relax,v,29.0
1274,nut,n,sunflower,n,29.0
1275,hot,j,wet,j,29.0
1276,glass,n,vinyl,n,29.0
1277,foliage,n,moss,n,29.0
1278,coast,n,scenery,n,29.0
1279,bacon,n,bread,n,29.0
1280,brick,n,roof,n,29.0
1281,wet,j,winter,n,29.0
1282,dark,j,silhouette,n,29.0
1283,bacon,n,dessert,n,29.0
1284,floor,n,stair,n,29.0
1285,day,n,lunch,n,29.0
1286,line,n,lunch,n,29.0
1287,room,n,sit,v,29.0
1288,interior,n,outdoor,j,29.0
1289,shirt,n,white,j,29.0
1290,lick,v,paw,n,29.0
1291,brown,j,pink,j,29.0
1292,friend,n,fun,n,29.0
1293,city,n,downtown,j,29.0
1294,pool,n,relax,v,28.0
1295,bird,n,dragonfly,n,28.0
1296,bacon,n,tomato,n,28.0
1297,dandelion,n,seed,n,28.0
1298,purple,j,shade,n,28.0
1299,bacon,n,pepper,n,28.0
1300,dark,j,purple,j,28.0
1301,door,n,floor,n,28.0
1302,sidewalk,n,street,n,28.0
1303,bacon,n,sandwich,n,28.0
1304,petal,n,pink,j,28.0
1305,colour,n,dark,j,28.0
1306,brick,n,staircase,n,28.0
1307,fog,n,sunny,j,28.0
1308,valley,n,waterfall,n,28.0
1309,rice,n,soup,n,28.0
1310,patio,n,pool,n,28.0
1311,patio,n,sit,v,28.0
1312,river,n,scenery,n,28.0
1313,beard,n,blonde,j,28.0
1314,nest,n,stork,n,28.0
1315,carrot,n,pepper,n,28.0
1316,collage,n,paint,v,28.0
1317,jump,n,swimming,n,28.0
1318,chapel,n,gravestone,n,28.0
1319,feel,v,smile,n,28.0
1320,flag,n,stripe,n,28.0
1321,harbour,n,town,n,28.0
1322,guitar,n,punk,n,28.0
1323,scenery,n,sunny,j,28.0
1324,christmas,n,valentine,n,28.0
1325,bloom,n,pink,j,28.0
1326,bear,v,daughter,n,28.0
1327,insect,n,rodent,n,28.0
1328,bedroom,n,floor,n,28.0
1329,stair,n,wall,n,28.0
1330,chapel,n,ruin,n,28.0
1331,beef,n,tomato,n,28.0
1332,doodle,n,scratch,n,28.0
1333,daffodil,n,purple,j,28.0
1334,lake,n,scenery,n,28.0
1335,roof,n,staircase,n,28.0
1336,boy,n,live,v,28.0
1337,chain,n,store,n,28.0
1338,coast,n,hill,n,28.0
1339,mushroom,n,pepper,n,28.0
1340,porch,n,window,n,28.0
1341,hot,j,water,n,28.0
1342,sock,n,white,j,28.0
1343,arch,n,bridge,n,28.0
1344,dessert,n,raspberry,n,28.0
1345,brick,n,ceiling,n,28.0
1346,scenery,n,sunshine,n,28.0
1347,city,n,square,j,28.0
1348,stand,v,walk,v,28.0
1349,evening,n,fun,n,28.0
1350,happy,j,sexy,j,28.0
1351,burger,n,mac,n,28.0
1352,paint,v,sculpture,n,28.0
1353,misty,j,morning,n,28.0
1354,frost,n,rain,n,28.0
1355,color,n,shade,n,28.0
1356,bacon,n,potato,n,28.0
1357,patio,n,stair,n,28.0
1358,hot,j,wash,v,27.0
1359,button,n,sticker,n,27.0
1360,cute,j,happy,j,27.0
1361,happy,j,tear,n,27.0
1362,pepper,n,soup,n,27.0
1363,alley,n,racing,n,27.0
1364,smile,n,tear,n,27.0
1365,train,n,underground,j,27.0
1366,blonde,j,curl,v,27.0
1367,flamingo,n,mammal,n,27.0
1368,porch,n,staircase,n,27.0
1369,ford,n,river,n,27.0
1370,room,n,stair,n,27.0
1371,face,n,glitter,v,27.0
1372,nest,n,reptile,n,27.0
1373,sailing,n,sink,v,27.0
1374,floor,n,kitchen,n,27.0
1375,cottage,n,garden,n,27.0
1376,day,n,weather,n,27.0
1377,amphibian,n,insect,n,27.0
1378,eat,v,sweet,j,27.0
1379,pregnant,j,round,n,27.0
1380,brown,j,feather,n,27.0
1381,bed,n,sit,v,27.0
1382,bike,n,rally,n,27.0
1383,apartment,n,patio,n,27.0
1384,cooking,n,dessert,n,27.0
1385,lily,n,purple,j,27.0
1386,kitchen,n,patio,n,27.0
1387,line,n,subway,n,27.0
1388,breakfast,n,room,n,27.0
1389,gull,n,reptile,n,27.0
1390,dirty,j,rusty,j,27.0
1391,bath,n,bedroom,n,27.0
1392,cottage,n,patio,n,27.0
1393,misty,j,sunshine,n,27.0
1394,band,n,metal,n,27.0
1395,skyline,n,tall,j,27.0
1396,berry,n,foliage,n,27.0
1397,mushroom,n,salad,n,27.0
1398,abandon,v,soldier,n,27.0
1399,bath,n,kitchen,n,27.0
1400,sit,v,stop,v,27.0
1401,outdoor,j,swimming,n,27.0
1402,ruin,n,stone,n,27.0
1403,building,n,sidewalk,n,27.0
1404,fall,v,stop,v,27.0
1405,cloud,n,ripple,n,27.0
1406,cliff,n,scenery,n,27.0
1407,salad,n,strawberry,n,27.0
1408,graveyard,n,ruin,n,27.0
1409,pepper,n,tomato,n,27.0
1410,line,n,metro,n,27.0
1411,bird,n,wild,j,27.0
1412,hill,n,road,n,27.0
1413,cliff,n,harbour,n,27.0
1414,clothes,n,sexy,j,27.0
1415,baseball,n,club,n,27.0
1416,petal,n,purple,j,27.0
1417,collar,n,skirt,n,27.0
1418,cottage,n,sleep,v,27.0
1419,match,n,round,n,27.0
1420,kitchen,n,stair,n,27.0
1421,church,n,graveyard,n,27.0
1422,lighthouse,n,wall,n,27.0
1423,kitchen,n,sit,v,27.0
1424,dawn,n,spring,n,27.0
1425,hot,j,spring,n,27.0
1426,flower,n,weather,n,27.0
1427,child,n,fun,n,27.0
1428,evening,n,walk,v,27.0
1429,cliff,n,sea,n,27.0
1430,cold,j,mist,n,27.0
1431,station,n,theatre,n,27.0
1432,dusk,n,misty,j,27.0
1433,friend,n,lady,n,27.0
1434,mountain,n,sea,n,26.0
1435,escalator,n,metro,n,26.0
1436,live,v,old,j,26.0
1437,friend,n,guy,n,26.0
1438,theatre,n,tv,n,26.0
1439,ceiling,n,kitchen,n,26.0
1440,nature,n,snowman,n,26.0
1441,coin,n,ticket,n,26.0
1442,plane,n,sailing,n,26.0
1443,sea,n,sink,v,26.0
1444,bench,n,boardwalk,n,26.0
1445,happy,j,kiss,n,26.0
1446,bath,n,bed,n,26.0
1447,restaurant,n,shopping,n,26.0
1448,canine,j,run,v,26.0
1449,lunch,n,sit,v,26.0
1450,bus,n,rail,n,26.0
1451,frog,n,tropical,j,26.0
1452,bathroom,n,bed,n,26.0
1453,goose,n,wolf,n,26.0
1454,happy,j,mom,n,26.0
1455,black,j,paint,v,26.0
1456,glitter,v,scenery,n,26.0
1457,beef,n,salad,n,26.0
1458,construction,n,downtown,j,26.0
1459,parking,n,underground,j,26.0
1460,park,n,skate,n,26.0
1461,apartment,n,pool,n,26.0
1462,flood,n,line,n,26.0
1463,marble,n,wall,n,26.0
1464,hummingbird,n,tropical,j,26.0
1465,palace,n,ruin,n,26.0
1466,panda,n,pig,n,26.0
1467,frost,n,shade,n,26.0
1468,cherry,n,sweet,j,26.0
1469,carrot,n,fruit,n,26.0
1470,brick,n,skyscraper,n,26.0
1471,collage,n,sculpture,n,26.0
1472,fruit,n,potato,n,26.0
1473,grey,j,stripe,n,26.0
1474,patio,n,room,n,26.0
1475,fun,n,sexy,j,26.0
1476,blue,j,fabric,n,26.0
1477,guy,n,sexy,j,26.0
1478,guitar,n,track,n,26.0
1479,misty,j,scenery,n,26.0
1480,kitchen,n,porch,n,26.0
1481,sweet,j,wine,n,26.0
1482,cute,j,guy,n,26.0
1483,bedroom,n,relax,v,26.0
1484,hummingbird,n,insect,n,26.0
1485,hill,n,horizon,n,26.0
1486,beef,n,pepper,n,26.0
1487,hand,n,leave,v,26.0
1488,beef,n,deer,n,26.0
1489,frog,n,whale,n,26.0
1490,bright,j,shade,n,26.0
1491,cooking,n,frozen,j,26.0
1492,festival,n,gate,n,26.0
1493,interior,n,object,n,25.0
1494,bathroom,n,sit,v,25.0
1495,smoke,n,sun,n,25.0
1496,crochet,n,jewelry,n,25.0
1497,architecture,n,skyline,n,25.0
1498,cold,j,puddle,n,25.0
1499,blur,v,eye,n,25.0
1500,guy,n,sleep,v,25.0
1501,baseball,n,shirt,n,25.0
1502,amphibian,n,pelican,n,25.0
1503,shade,n,violet,n,25.0
1504,green,j,shade,n,25.0
1505,evening,n,sunny,j,25.0
1506,blue,j,stripe,n,25.0
1507,patio,n,staircase,n,25.0
1508,puddle,n,street,n,25.0
1509,eye,n,smile,n,25.0
1510,canine,j,lick,v,25.0
1511,outfit,n,punk,n,25.0
1512,dragonfly,n,reptile,n,25.0
1513,mist,n,sunshine,n,25.0
1514,castle,n,ruin,n,25.0
1515,angel,n,sculpture,n,25.0
1516,bud,n,ivy,n,25.0
1517,chicken,n,mammal,n,25.0
1518,family,n,live,v,25.0
1519,carrot,n,sunflower,n,25.0
1520,interior,n,stair,n,25.0
1521,craft,n,game,n,25.0
1522,valley,n,village,n,25.0
1523,brown,j,gull,n,25.0
1524,decoration,n,tulip,n,25.0
1525,bud,n,pink,j,25.0
1526,dessert,n,orange,j,25.0
1527,mammal,n,reptile,n,25.0
1528,cute,j,sexy,j,25.0
1529,relax,v,scenery,n,25.0
1530,blue,j,bright,j,25.0
1531,cold,j,misty,j,25.0
1532,floor,n,skyscraper,n,25.0
1533,coast,n,valley,n,25.0
1534,ceiling,n,stair,n,25.0
1535,couple,n,live,v,25.0
1536,red,j,stripe,n,25.0
1537,sing,v,write,v,25.0
1538,hang,v,stand,v,25.0
1539,meat,n,pepper,n,25.0
1540,insect,n,mammal,n,25.0
1541,track,n,vinyl,n,25.0
1542,show,n,sketch,n,25.0
1543,clothes,n,cute,j,25.0
1544,harbour,n,sink,v,25.0
1545,dude,n,sexy,j,25.0
1546,blue,j,shade,n,25.0
1547,garden,n,house,n,25.0
1548,crane,n,wild,j,25.0
1549,feel,v,tear,n,24.0
1550,bar,n,relax,v,24.0
1551,breakfast,n,sleep,v,24.0
1552,shore,n,valley,n,24.0
1553,amphibian,n,wild,j,24.0
1554,door,n,kitchen,n,24.0
1555,sexy,j,smile,n,24.0
1556,stripe,n,white,j,24.0
1557,family,n,male,n,24.0
1558,hummingbird,n,mammal,n,24.0
1559,amphibian,n,dragonfly,n,24.0
1560,rice,n,yellow,j,24.0
1561,happy,j,time,n,24.0
1562,line,n,street,n,24.0
1563,black,j,skirt,n,24.0
1564,porch,n,wall,n,24.0
1565,drop,v,hang,v,24.0
1566,mist,n,sunny,j,24.0
1567,pepper,n,strawberry,n,24.0
1568,ruin,n,skyline,n,24.0
1569,nude,j,painting,n,24.0
1570,diner,n,patio,n,24.0
1571,bridge,n,ford,n,24.0
1572,blonde,j,cute,j,24.0
1573,morning,n,weather,n,24.0
1574,dress,n,match,n,24.0
1575,fungus,n,rust,n,24.0
1576,stripe,n,yellow,j,24.0
1577,chapel,n,tower,n,24.0
1578,feather,n,wild,j,24.0
1579,cake,n,christmas,n,24.0
1580,bright,j,raspberry,n,24.0
1581,harbor,n,sink,v,24.0
1582,barn,n,owl,n,24.0
1583,daisy,n,purple,j,24.0
1584,frost,n,grass,n,24.0
1585,blue,j,shirt,n,24.0
1586,post,v,view,n,24.0
1587,hawk,n,mammal,n,24.0
1588,garden,n,kitchen,n,24.0
1589,bright,j,purple,j,24.0
1590,cute,j,haircut,n,24.0
1591,hawk,n,reptile,n,24.0
1592,fun,n,lego,n,24.0
1593,snow,n,sunshine,n,24.0
1594,bloom,n,purple,j,24.0
1595,family,n,female,j,24.0
1596,orange,j,salad,n,24.0
1597,architecture,n,shade,n,24.0
1598,bedroom,n,stair,n,24.0
1599,hill,n,town,n,24.0
1600,bread,n,dessert,n,24.0
1601,cathedral,n,step,n,24.0
1602,bedroom,n,staircase,n,24.0
1603,shore,n,town,n,24.0
1604,bench,n,game,n,24.0
1605,mist,n,sunlight,n,24.0
1606,fountain,n,marble,n,24.0
1607,makeup,n,reflection,n,24.0
1608,cocktail,n,relax,v,24.0
1609,sketch,n,texture,n,24.0
1610,deer,n,elephant,n,24.0
1611,bed,n,ceiling,n,24.0
1612,evening,n,relax,v,24.0
1613,berry,n,ivy,n,24.0
1614,ruin,n,village,n,24.0
1615,cafe,n,street,n,24.0
1616,palm,n,twig,n,24.0
1617,frost,n,spring,n,24.0
1618,daisy,n,pink,j,24.0
1619,dirty,j,hand,n,24.0
1620,arch,n,wall,n,24.0
1621,porch,n,room,n,24.0
1622,cottage,n,scenery,n,24.0
1623,fruit,n,meat,n,24.0
1624,cute,j,smile,n,24.0
1625,bath,n,floor,n,24.0
1626,old,j,town,n,24.0
1627,skirt,n,white,j,24.0
1628,glitter,v,misty,j,23.0
1629,fire,n,sand,n,23.0
1630,sit,v,staircase,n,23.0
1631,blue,j,dark,j,23.0
1632,nail,n,rusty,j,23.0
1633,ceiling,n,marble,n,23.0
1634,basket,n,dinner,n,23.0
1635,card,n,party,n,23.0
1636,bright,j,foliage,n,23.0
1637,cold,j,drip,v,23.0
1638,lamb,n,snow,n,23.0
1639,cafe,n,relax,v,23.0
1640,cathedral,n,ruin,n,23.0
1641,hill,n,river,n,23.0
1642,friend,n,night,n,23.0
1643,orange,j,shade,n,23.0
1644,live,v,male,n,23.0
1645,coffee,n,lunch,n,23.0
1646,key,j,palace,n,23.0
1647,shop,n,show,n,23.0
1648,burger,n,dessert,n,23.0
1649,morning,n,relax,v,23.0
1650,craft,n,note,n,23.0
1651,dessert,n,sandwich,n,23.0
1652,dirty,j,feel,v,23.0
1653,beer,n,patio,n,23.0
1654,eat,v,frozen,j,23.0
1655,brick,n,porch,n,23.0
1656,ceiling,n,door,n,23.0
1657,deer,n,insect,n,23.0
1658,happy,j,home,n,23.0
1659,rock,n,track,n,23.0
1660,footprint,n,tile,n,23.0
1661,exhibition,n,work,n,23.0
1662,city,n,lamp,n,23.0
1663,cute,j,lady,n,23.0
1664,shade,n,white,j,23.0
1665,beauty,n,orchid,n,23.0
1666,hummingbird,n,rodent,n,23.0
1667,haircut,n,sexy,j,23.0
1668,arch,n,concrete,j,23.0
1669,airport,n,asphalt,n,23.0
1670,air,n,dew,n,23.0
1671,pregnancy,n,sit,v,23.0
1672,frost,n,plant,n,23.0
1673,forest,n,hummingbird,n,23.0
1674,kiss,n,smile,n,23.0
1675,eat,v,rabbit,n,23.0
1676,autumn,n,shade,n,23.0
1677,guy,n,kid,n,23.0
1678,fall,v,love,n,23.0
1679,oak,n,rose,n,23.0
1680,city,n,firework,n,23.0
1681,lamb,n,mother,n,23.0
1682,cone,n,diamond,n,23.0
1683,concrete,j,school,n,23.0
1684,scenery,n,sketch,n,23.0
1685,face,n,guy,n,23.0
1686,scenery,n,shore,n,23.0
1687,daisy,n,gravestone,n,23.0
1688,field,n,skyscraper,n,23.0
1689,leather,n,rope,n,23.0
1690,sink,v,sunset,n,23.0
1691,amphibian,n,brown,j,23.0
1692,evening,n,misty,j,23.0
1693,miniature,j,painting,n,23.0
1694,dessert,n,wine,n,23.0
1695,foliage,n,tall,j,23.0
1696,evening,n,lunch,n,23.0
1697,dark,j,orange,j,23.0
1698,dessert,n,lunch,n,23.0
1699,misty,j,mountain,n,23.0
1700,boy,n,hand,n,23.0
1701,dessert,n,soup,n,23.0
1702,blue,j,skirt,n,22.0
1703,dark,j,pink,j,22.0
1704,interior,n,patio,n,22.0
1705,sunny,j,wet,j,22.0
1706,camera,n,painting,n,22.0
1707,automobile,n,police,n,22.0
1708,boardwalk,n,evening,n,22.0
1709,guy,n,smile,n,22.0
1710,sit,v,time,n,22.0
1711,pink,j,skirt,n,22.0
1712,ivy,n,wall,n,22.0
1713,rock,n,sing,v,22.0
1714,action,n,truck,n,22.0
1715,hill,n,shore,n,22.0
1716,happy,j,morning,n,22.0
1717,demolition,n,skyscraper,n,22.0
1718,happy,j,idea,n,22.0
1719,hummingbird,n,reptile,n,22.0
1720,breakfast,n,sit,v,22.0
1721,light,n,sleep,v,22.0
1722,cute,j,feel,v,22.0
1723,bead,n,gold,n,22.0
1724,clothes,n,haircut,n,22.0
1725,evening,n,sunshine,n,22.0
1726,foliage,n,violet,n,22.0
1727,cathedral,n,interior,n,22.0
1728,post,v,quote,n,22.0
1729,mammal,n,pelican,n,22.0
1730,escalator,n,underground,j,22.0
1731,band,n,outfit,n,22.0
1732,church,n,interior,n,22.0
1733,market,n,sushi,n,22.0
1734,grey,j,rusty,j,22.0
1735,arch,n,brick,n,22.0
1736,feel,v,sleep,v,22.0
1737,insect,n,twig,n,22.0
1738,colorful,j,toy,n,22.0
1739,cherry,n,vine,n,22.0
1740,dessert,n,noodle,n,22.0
1741,black,j,pencil,n,22.0
1742,band,n,track,n,22.0
1743,happy,j,sleep,v,22.0
1744,skate,n,vehicle,n,22.0
1745,dessert,n,rice,n,22.0
1746,movie,n,shopping,n,22.0
1747,shade,n,twig,n,22.0
1748,frost,n,sunny,j,22.0
1749,misty,j,sky,n,22.0
1750,misty,j,sunset,n,22.0
1751,black,j,stripe,n,22.0
1752,church,n,porch,n,22.0
1753,morning,n,smile,n,22.0
1754,autumn,n,frost,n,22.0
1755,bath,n,patio,n,22.0
1756,person,n,stair,n,22.0
1757,pumpkin,n,valley,n,22.0
1758,dark,j,pod,n,22.0
1759,child,n,live,v,22.0
1760,orchid,n,patio,n,22.0
1761,shade,n,yellow,j,21.0
1762,dirty,j,drip,v,21.0
1763,key,j,stone,n,21.0
1764,people,n,stair,n,21.0
1765,bathroom,n,staircase,n,21.0
1766,dome,n,interior,n,21.0
1767,breakfast,n,hotel,n,21.0
1768,bike,n,patio,n,21.0
1769,female,j,old,j,21.0
1770,glitter,v,smile,n,21.0
1771,downtown,j,shore,n,21.0
1772,fruit,n,sunflower,n,21.0
1773,feline,j,reptile,n,21.0
1774,run,v,train,n,21.0
1775,shopping,n,street,n,21.0
1776,cat,n,garden,n,21.0
1777,cute,j,mom,n,21.0
1778,steel,n,wing,n,21.0
1779,guy,n,walk,v,21.0
1780,horse,n,work,n,21.0
1781,chipmunk,n,wolf,n,21.0
1782,red,j,shade,n,21.0
1783,school,n,traffic,n,21.0
1784,dance,n,hotel,n,21.0
1785,sunny,j,winter,n,21.0
1786,ceramic,j,colour,n,21.0
1787,house,n,poster,n,21.0
1788,colorful,j,frame,n,21.0
1789,sweet,j,vine,n,21.0
1790,barn,n,food,n,21.0
1791,field,n,squirrel,n,21.0
1792,brown,j,hawk,n,21.0
1793,city,n,small,j,21.0
1794,dark,j,violet,n,21.0
1795,brick,n,interior,n,21.0
1796,couple,n,female,j,21.0
1797,cliff,n,sand,n,21.0
1798,key,j,motor,n,21.0
1799,square,j,town,n,21.0
1800,misty,j,sunny,j,21.0
1801,jean,n,wash,v,21.0
1802,foot,n,piano,n,21.0
1803,model,n,toe,n,21.0
1804,crystal,n,spiral,n,21.0
1805,cliff,n,shore,n,21.0
1806,lake,n,whale,n,21.0
1807,shore,n,waterfall,n,21.0
1808,foliage,n,pink,j,21.0
1809,hawk,n,insect,n,21.0
1810,curl,v,whisker,n,21.0
1811,dessert,n,pepper,n,21.0
1812,dinner,n,room,n,21.0
1813,art,n,drive,n,21.0
1814,drop,v,time,n,21.0
1815,hang,v,sit,v,21.0
1816,skin,n,sunglasses,n,21.0
1817,lunch,n,morning,n,21.0
1818,drug,n,musician,n,21.0
1819,redhead,n,rusty,j,21.0
1820,live,v,race,n,21.0
1821,fall,v,stand,v,21.0
1822,cliff,n,fence,n,21.0
1823,misty,j,snow,n,21.0
1824,gasoline,n,town,n,21.0
1825,decoration,n,twig,n,21.0
1826,flower,n,shade,n,21.0
1827,skin,n,skirt,n,21.0
1828,feel,v,idea,n,21.0
1829,ruin,n,town,n,21.0
1830,bedroom,n,breakfast,n,21.0
1831,lunch,n,relax,v,21.0
1832,fountain,n,hill,n,20.0
1833,couple,n,male,n,20.0
1834,bathroom,n,patio,n,20.0
1835,dusk,n,hummingbird,n,20.0
1836,guitar,n,vinyl,n,20.0
1837,bright,j,fruit,n,20.0
1838,dead,j,hang,v,20.0
1839,heart,n,wing,n,20.0
1840,salad,n,sunflower,n,20.0
1841,bedroom,n,patio,n,20.0
1842,badge,n,metro,n,20.0
1843,fun,n,time,n,20.0
1844,dark,j,red,j,20.0
1845,concrete,j,interior,n,20.0
1846,cone,n,windmill,n,20.0
1847,racing,n,shirt,n,20.0
1848,mom,n,smile,n,20.0
1849,object,n,scooter,n,20.0
1850,cone,n,hill,n,20.0
1851,breakfast,n,relax,v,20.0
1852,friend,n,relax,v,20.0
1853,fun,n,guy,n,20.0
1854,black,j,bright,j,20.0
1855,dancer,n,palace,n,20.0
1856,frozen,j,salad,n,20.0
1857,brown,j,hummingbird,n,20.0
1858,escalator,n,railway,n,20.0
1859,camel,n,outdoor,j,20.0
1860,autumn,n,bud,n,20.0
1861,male,n,old,j,20.0
1862,hold,v,nest,n,20.0
1863,cute,j,mammal,n,20.0
1864,baseball,n,show,n,20.0
1865,patio,n,spring,n,20.0
1866,mammal,n,nest,n,20.0
1867,cow,n,pregnancy,n,20.0
1868,fun,n,night,n,20.0
1869,game,n,rocket,n,20.0
1870,downtown,j,ruin,n,20.0
1871,makeup,n,people,n,20.0
1872,interior,n,porch,n,20.0
1873,bed,n,patio,n,20.0
1874,relax,v,sunshine,n,20.0
1875,dark,j,yellow,j,20.0
1876,floor,n,sit,v,20.0
1877,grave,n,number,n,20.0
1878,mill,n,sunflower,n,20.0
1879,farm,n,wind,n,20.0
1880,cold,j,wash,v,20.0
1881,drip,v,hot,j,20.0
1882,idea,n,people,n,20.0
1883,couple,n,old,j,20.0
1884,food,n,gull,n,20.0
1885,gate,n,hotel,n,20.0
1886,glitter,v,night,n,20.0
1887,cold,j,sun,n,20.0
1888,chicken,n,pepper,n,20.0
1889,salad,n,sweet,j,20.0
1890,porch,n,stone,n,20.0
1891,coffee,n,room,n,20.0
1892,berry,n,bright,j,20.0
1893,amphibian,n,hummingbird,n,20.0
1894,flamingo,n,insect,n,20.0
1895,club,n,shirt,n,20.0
1896,porch,n,tower,n,20.0
1897,skateboard,n,swimsuit,n,20.0
1898,desert,n,road,n,20.0
1899,kiss,n,tear,n,20.0
1900,feather,n,grey,j,20.0
1901,club,n,match,n,19.0
1902,sit,v,sleep,v,19.0
1903,chapel,n,porch,n,19.0
1904,figure,n,spiral,n,19.0
1905,bud,n,purple,j,19.0
1906,bird,n,shade,n,19.0
1907,blonde,j,dark,j,19.0
1908,burger,n,frozen,j,19.0
1909,chain,n,engine,n,19.0
1910,bathroom,n,porch,n,19.0
1911,country,n,work,n,19.0
1912,leave,v,stop,v,19.0
1913,desk,n,white,j,19.0
1914,object,n,piano,n,19.0
1915,can,n,mill,n,19.0
1916,female,j,race,n,19.0
1917,frost,n,sunshine,n,19.0
1918,soup,n,sweet,j,19.0
1919,black,j,seat,n,19.0
1920,lion,n,pelican,n,19.0
1921,graffito,n,interior,n,19.0
1922,apartment,n,sleep,v,19.0
1923,cold,j,summer,n,19.0
1924,market,n,orange,j,19.0
1925,guy,n,kiss,n,19.0
1926,dirty,j,guy,n,19.0
1927,arm,n,caterpillar,n,19.0
1928,foliage,n,frost,n,19.0
1929,gravestone,n,pattern,n,19.0
1930,shop,n,summer,n,19.0
1931,petal,n,shade,n,19.0
1932,gull,n,mammal,n,19.0
1933,cone,n,palm,n,19.0
1934,makeup,n,town,n,19.0
1935,gull,n,insect,n,19.0
1936,dessert,n,meat,n,19.0
1937,morning,n,sit,v,19.0
1938,doll,n,new,j,19.0
1939,butterfly,n,glitter,v,19.0
1940,interior,n,skyscraper,n,19.0
1941,market,n,white,j,19.0
1942,cute,j,fun,n,19.0
1943,night,n,sunny,j,19.0
1944,bed,n,staircase,n,19.0
1945,miniature,j,paint,v,19.0
1946,bloom,n,glitter,v,19.0
1947,evening,n,friend,n,19.0
1948,city,n,mill,n,19.0
1949,coast,n,downtown,j,18.0
1950,dew,n,sunshine,n,18.0
1951,dragonfly,n,underwater,j,18.0
1952,star,n,storm,n,18.0
1953,patio,n,wash,v,18.0
1954,cold,j,ear,n,18.0
1955,house,n,windmill,n,18.0
1956,fly,v,toy,n,18.0
1957,breakfast,n,evening,n,18.0
1958,hang,v,rusty,j,18.0
1959,dinner,n,relax,v,18.0
1960,aircraft,n,door,n,18.0
1961,porch,n,ruin,n,18.0
1962,cop,n,dirty,j,18.0
1963,cross,n,tower,n,18.0
1964,city,n,old,j,18.0
1965,cold,j,sunshine,n,18.0
1966,dragon,n,metal,n,18.0
1967,light,n,shed,v,18.0
1968,hotel,n,library,n,18.0
1969,feel,v,friend,n,18.0
1970,parking,n,scenery,n,18.0
1971,ruin,n,tower,n,18.0
1972,abandon,v,railroad,n,18.0
1973,bright,j,violet,n,18.0
1974,couple,n,makeup,n,18.0
1975,dude,n,smile,n,18.0
1976,dirty,j,rabbit,n,18.0
1977,smile,n,walk,v,18.0
1978,autumn,n,daffodil,n,18.0
1979,hotel,n,sand,n,18.0
1980,crystal,n,dirt,n,18.0
1981,reptile,n,stork,n,18.0
1982,coast,n,sink,v,18.0
1983,dark,j,rusty,j,18.0
1984,band,n,vinyl,n,18.0
1985,parrot,n,reptile,n,18.0
1986,steel,n,town,n,18.0
1987,architecture,n,table,n,18.0
1988,bedroom,n,porch,n,18.0
1989,aquarium,n,seagull,n,18.0
1990,butterfly,n,transformer,n,18.0
1991,feel,v,sit,v,18.0
1992,landscape,n,stadium,n,18.0
1993,lunch,n,walk,v,18.0
1994,church,n,cookie,n,18.0
1995,stripe,n,violet,n,18.0
1996,origami,n,white,j,18.0
1997,bag,n,flag,n,18.0
1998,escalator,n,station,n,18.0
1999,dawn,n,snow,n,18.0
2000,green,j,lantern,n,18.0
2001,painting,n,work,n,18.0
2002,pigeon,n,round,n,18.0
2003,haircut,n,smile,n,18.0
2004,coast,n,sketch,n,18.0
2005,colorful,j,duck,n,18.0
2006,man,n,stand,v,18.0
2007,demolition,n,interior,n,18.0
2008,pelican,n,toe,n,18.0
2009,garage,n,garden,n,18.0
2010,brown,j,insect,n,18.0
2011,family,n,old,j,18.0
2012,brown,j,pelican,n,18.0
2013,fountain,n,parade,n,18.0
2014,fungus,n,insect,n,18.0
2015,female,j,live,v,18.0
2016,frost,n,hot,j,18.0
2017,handle,v,shop,n,17.0
2018,happy,j,stand,v,17.0
2019,collection,n,work,n,17.0
2020,pepper,n,sunflower,n,17.0
2021,graphic,j,roof,n,17.0
2022,play,v,spiral,n,17.0
2023,cute,j,fashion,n,17.0
2024,ball,n,square,j,17.0
2025,red,j,tea,n,17.0
2026,port,n,sweet,j,17.0
2027,lunch,n,sunny,j,17.0
2028,night,n,stop,v,17.0
2029,muscle,n,nature,n,17.0
2030,guy,n,sit,v,17.0
2031,game,n,scooter,n,17.0
2032,interior,n,toy,n,17.0
2033,gate,n,pebble,n,17.0
2034,blue,j,sock,n,17.0
2035,bedroom,n,pool,n,17.0
2036,graveyard,n,house,n,17.0
2037,foot,n,friend,n,17.0
2038,cute,j,idea,n,17.0
2039,bed,n,picture,n,17.0
2040,glass,n,road,n,17.0
2041,bed,n,kitchen,n,17.0
2042,dusk,n,gull,n,17.0
2043,bicycle,n,green,j,17.0
2044,shade,n,whale,n,17.0
2045,lab,n,spider,n,17.0
2046,bar,n,stair,n,17.0
2047,hang,v,time,n,17.0
2048,reptile,n,swim,v,17.0
2049,happy,j,night,n,17.0
2050,dude,n,fun,n,17.0
2051,branch,n,tea,n,17.0
2052,club,n,play,v,17.0
2053,garbage,n,lunch,n,17.0
2054,interior,n,tower,n,17.0
2055,breakfast,n,people,n,17.0
2056,couple,n,race,n,17.0
2057,bay,n,porch,n,17.0
2058,country,n,library,n,17.0
2059,black,j,cigarette,n,17.0
2060,handle,v,tram,n,17.0
2061,feel,v,stair,n,17.0
2062,oak,n,petal,n,17.0
2063,lake,n,town,n,17.0
2064,play,v,sign,v,17.0
2065,old,j,race,n,17.0
2066,parade,n,store,n,17.0
2067,jellyfish,n,texture,n,17.0
2068,curl,v,leaf,n,17.0
2069,hummingbird,n,moss,n,17.0
2070,book,n,gold,n,17.0
2071,desk,n,match,n,17.0
2072,handle,v,lighting,n,17.0
2073,frozen,j,soup,n,17.0
2074,dude,n,sit,v,17.0
2075,amphibian,n,stork,n,16.0
2076,asphalt,n,crane,n,16.0
2077,bright,j,grey,j,16.0
2078,flight,n,jaguar,n,16.0
2079,happy,j,toe,n,16.0
2080,bathroom,n,stair,n,16.0
2081,bay,n,curve,n,16.0
2082,foot,n,train,n,16.0
2083,snow,n,sunny,j,16.0
2084,blue,j,happy,j,16.0
2085,sunshine,n,wet,j,16.0
2086,clown,n,jellyfish,n,16.0
2087,family,n,town,n,16.0
2088,pattern,n,time,n,16.0
2089,cherry,n,peel,n,16.0
2090,bakery,n,vehicle,n,16.0
2091,cross,n,post,v,16.0
2092,garbage,n,underground,j,16.0
2093,bible,n,leaf,n,16.0
2094,nature,n,new,j,16.0
2095,cute,j,dude,n,16.0
2096,curve,n,dance,n,16.0
2097,autumn,n,hat,n,16.0
2098,fabric,n,handle,v,16.0
2099,arm,n,white,j,16.0
2100,feel,v,fun,n,16.0
2101,bridge,n,ceramic,j,16.0
2102,ruin,n,valley,n,16.0
2103,castle,n,patio,n,16.0
2104,button,n,grey,j,16.0
2105,club,n,sign,v,16.0
2106,feather,n,insect,n,16.0
2107,hotel,n,oak,n,16.0
2108,alley,n,punk,n,16.0
2109,design,n,muscle,n,16.0
2110,circle,n,snake,n,16.0
2111,auto,n,quote,n,16.0
2112,post,v,white,j,16.0
2113,animal,n,clown,n,16.0
2114,dinner,n,sleep,v,16.0
2115,office,n,woman,n,16.0
2116,line,n,underground,j,16.0
2117,metro,n,television,n,16.0
2118,waterfall,n,wood,n,16.0
2119,relax,v,restaurant,n,16.0
2120,bed,n,stair,n,16.0
2121,dude,n,husky,n,16.0
2122,demolition,n,skyline,n,16.0
2123,ceiling,n,patio,n,16.0
2124,flight,n,museum,n,16.0
2125,paper,n,tattoo,n,16.0
2126,action,n,subway,n,16.0
2127,grave,n,shore,n,16.0
2128,sunshine,n,winter,n,16.0
2129,ford,n,wall,n,16.0
2130,band,n,stocking,n,16.0
2131,dirty,j,tear,n,16.0
2132,leg,n,stripe,n,16.0
2133,family,n,square,j,16.0
2134,eye,n,sky,n,16.0
2135,dinner,n,morning,n,16.0
2136,apartment,n,beach,n,16.0
2137,bus,n,crane,n,16.0
2138,aquarium,n,coin,n,16.0
2139,path,n,sunflower,n,16.0
2140,red,j,uniform,j,16.0
2141,band,n,ear,n,16.0
2142,kitchen,n,staircase,n,16.0
2143,glitter,v,vintage,j,16.0
2144,gold,n,texture,n,16.0
2145,air,n,carnival,n,16.0
2146,guy,n,stand,v,16.0
2147,bacon,n,sweet,j,16.0
2148,abstract,j,feel,v,16.0
2149,band,n,bride,n,16.0
2150,mom,n,sit,v,15.0
2151,foliage,n,purple,j,15.0
2152,husky,n,painting,n,15.0
2153,evening,n,surfer,n,15.0
2154,postcard,n,texture,n,15.0
2155,breakfast,n,night,n,15.0
2156,makeup,n,skull,n,15.0
2157,guy,n,tear,n,15.0
2158,hamster,n,lock,v,15.0
2159,chess,n,family,n,15.0
2160,fun,n,haircut,n,15.0
2161,bud,n,shade,n,15.0
2162,ad,n,track,n,15.0
2163,dead,j,pigeon,n,15.0
2164,chipmunk,n,illustration,n,15.0
2165,cold,j,silver,n,15.0
2166,insect,n,number,n,15.0
2167,bar,n,boat,n,15.0
2168,restaurant,n,scenery,n,15.0
2169,hair,n,stencil,n,15.0
2170,guy,n,idea,n,15.0
2171,gravestone,n,silhouette,n,15.0
2172,bright,j,mist,n,15.0
2173,coin,n,musician,n,15.0
2174,arm,n,bicycle,n,15.0
2175,hang,v,morning,n,15.0
2176,demolition,n,tall,j,15.0
2177,bedroom,n,diner,n,15.0
2178,candle,n,line,n,15.0
2179,bar,n,ship,n,15.0
2180,club,n,cone,n,15.0
2181,art,n,christmas,n,15.0
2182,travel,n,wood,n,15.0
2183,foot,n,outdoor,j,15.0
2184,hang,v,leave,v,15.0
2185,rusty,j,shade,n,15.0
2186,abstract,j,moon,n,15.0
2187,auto,n,round,n,15.0
2188,mist,n,temple,n,15.0
2189,stripe,n,urban,j,15.0
2190,smile,n,view,n,15.0
2191,ripple,n,shadow,n,15.0
2192,dirty,j,fun,n,15.0
2193,haircut,n,hang,v,15.0
2194,brick,n,skyline,n,15.0
2195,bathroom,n,sleep,v,15.0
2196,school,n,tear,n,15.0
2197,cute,j,friend,n,15.0
2198,action,n,dress,n,15.0
2199,cow,n,station,n,15.0
2200,play,v,sailing,n,15.0
2201,fungus,n,pattern,n,15.0
2202,button,n,police,n,15.0
2203,ceramic,j,church,n,15.0
2204,home,n,smoking,n,15.0
2205,food,n,wild,j,15.0
2206,colorful,j,wood,n,15.0
2207,smile,n,time,n,15.0
2208,amphibian,n,flamingo,n,15.0
2209,apartment,n,child,n,15.0
2210,graveyard,n,silver,n,15.0
2211,outfit,n,sign,v,15.0
2212,dude,n,kid,n,15.0
2213,pole,n,weather,n,15.0
2214,city,n,round,n,15.0
2215,nail,n,wolf,n,15.0
2216,night,n,sunshine,n,15.0
2217,bath,n,sleep,v,15.0
2218,hang,v,stencil,n,15.0
2219,cherry,n,meat,n,14.0
2220,blue,j,poster,n,14.0
2221,fire,n,movie,n,14.0
2222,draw,v,wing,n,14.0
2223,husky,n,play,v,14.0
2224,drip,v,rusty,j,14.0
2225,arrow,n,boxer,n,14.0
2226,basket,n,moss,n,14.0
2227,pin,n,wing,n,14.0
2228,apartment,n,valley,n,14.0
2229,guy,n,poodle,n,14.0
2230,seagull,n,urban,j,14.0
2231,dessert,n,tomato,n,14.0
2232,egg,n,family,n,14.0
2233,aircraft,n,guy,n,14.0
2234,dark,j,flamingo,n,14.0
2235,cheerleader,n,scenery,n,14.0
2236,pink,j,shade,n,14.0
2237,couple,n,outdoor,j,14.0
2238,garden,n,smoke,n,14.0
2239,glass,n,mill,n,14.0
2240,race,n,square,j,14.0
2241,paper,n,vine,n,14.0
2242,smile,n,stand,v,14.0
2243,frost,n,summer,n,14.0
2244,bay,n,parking,n,14.0
2245,kiss,n,sit,v,14.0
2246,monkey,n,oak,n,14.0
2247,bead,n,redhead,n,14.0
2248,animal,n,hand,n,14.0
2249,cute,j,music,n,14.0
2250,downtown,j,hockey,n,14.0
2251,dead,j,guy,n,14.0
2252,aircraft,n,asphalt,n,14.0
2253,magazine,n,run,v,14.0
2254,flight,n,rain,n,14.0
2255,bathroom,n,garden,n,14.0
2256,door,n,skyscraper,n,14.0
2257,makeup,n,old,j,14.0
2258,game,n,sign,v,14.0
2259,dead,j,face,n,14.0
2260,friend,n,sexy,j,14.0
2261,flower,n,interior,n,14.0
2262,bag,n,wire,n,14.0
2263,game,n,goat,n,14.0
2264,note,n,rally,n,14.0
2265,stair,n,steel,n,14.0
2266,diamond,n,stencil,n,14.0
2267,nature,n,tv,n,14.0
2268,happy,j,post,v,14.0
2269,abstract,j,rally,n,14.0
2270,party,n,sailing,n,14.0
2271,beard,n,kitty,n,14.0
2272,eat,v,seagull,n,14.0
2273,building,n,sandwich,n,14.0
2274,belly,n,black,j,14.0
2275,leave,v,walk,v,14.0
2276,dark,j,stripe,n,14.0
2277,ford,n,valley,n,14.0
2278,insect,n,stork,n,14.0
2279,animal,n,mural,n,14.0
2280,leather,n,weed,n,14.0
2281,pub,n,wash,v,14.0
2282,leave,v,play,v,14.0
2283,cop,n,gravestone,n,14.0
2284,book,n,building,n,14.0
2285,happy,j,walk,v,14.0
2286,colorful,j,lab,n,14.0
2287,flag,n,quote,n,14.0
2288,sink,v,time,n,14.0
2289,friend,n,sit,v,14.0
2290,lantern,n,oak,n,14.0
2291,sit,v,smile,n,14.0
2292,cottage,n,outfit,n,14.0
2293,downtown,j,lock,v,14.0
2294,pet,n,poster,n,14.0
2295,industrial,j,lake,n,14.0
2296,lick,v,sit,v,14.0
2297,pool,n,rust,n,14.0
2298,stripe,n,train,n,14.0
2299,beef,n,downtown,j,13.0
2300,blonde,j,eye,n,13.0
2301,lady,n,sunset,n,13.0
2302,feel,v,stop,v,13.0
2303,old,j,seat,n,13.0
2304,dirty,j,happy,j,13.0
2305,ruin,n,shore,n,13.0
2306,black,j,paw,n,13.0
2307,egg,n,lego,n,13.0
2308,bear,v,play,v,13.0
2309,black,j,pigeon,n,13.0
2310,feather,n,reptile,n,13.0
2311,gymnastics,n,port,n,13.0
2312,mom,n,snowman,n,13.0
2313,dirty,j,haircut,n,13.0
2314,party,n,seat,n,13.0
2315,lily,n,pig,n,13.0
2316,dirty,j,hang,v,13.0
2317,guy,n,wire,n,13.0
2318,orange,j,shop,n,13.0
2319,cactus,n,fall,v,13.0
2320,circle,n,sport,n,13.0
2321,redhead,n,reflection,n,13.0
2322,cafe,n,reflection,n,13.0
2323,outfit,n,play,v,13.0
2324,bar,n,female,j,13.0
2325,belly,n,dirty,j,13.0
2326,rope,n,train,n,13.0
2327,boardwalk,n,drop,v,13.0
2328,abstract,j,candle,n,13.0
2329,church,n,soldier,n,13.0
2330,boxer,n,reflection,n,13.0
2331,crystal,n,silhouette,n,13.0
2332,feel,v,guy,n,13.0
2333,pattern,n,pier,n,13.0
2334,downtown,j,field,n,13.0
2335,beer,n,wild,j,13.0
2336,hang,v,happy,j,13.0
2337,rope,n,shore,n,13.0
2338,airplane,n,camera,n,13.0
2339,button,n,flower,n,13.0
2340,frozen,j,shop,n,13.0
2341,curl,v,lick,v,13.0
2342,sunny,j,zoo,n,13.0
2343,people,n,stop,v,13.0
2344,bucket,n,insect,n,13.0
2345,fence,n,friend,n,13.0
2346,can,n,sketch,n,13.0
2347,frozen,j,pebble,n,13.0
2348,ceramic,j,live,v,13.0
2349,day,n,horse,n,13.0
2350,bear,v,boxer,n,13.0
2351,iris,n,necklace,n,13.0
2352,lighting,n,person,n,13.0
2353,boot,n,cliff,n,13.0
2354,landscape,n,umbrella,n,13.0
2355,man,n,transformer,n,13.0
2356,dark,j,sand,n,13.0
2357,ruin,n,swimsuit,n,13.0
2358,abstract,j,rose,n,13.0
2359,guy,n,gymnastics,n,12.0
2360,grass,n,ruin,n,12.0
2361,lighting,n,stone,n,12.0
2362,porch,n,scooter,n,12.0
2363,colour,n,wild,j,12.0
2364,crane,n,stair,n,12.0
2365,shore,n,tear,n,12.0
2366,cactus,n,porch,n,12.0
2367,belly,n,draw,v,12.0
2368,fabric,n,photo,n,12.0
2369,lamb,n,lantern,n,12.0
2370,owl,n,rocket,n,12.0
2371,party,n,scooter,n,12.0
2372,display,n,scratch,n,12.0
2373,ball,n,curl,v,12.0
2374,cookie,n,peel,n,12.0
2375,couple,n,post,v,12.0
2376,field,n,red,j,12.0
2377,theatre,n,wolf,n,12.0
2378,blue,j,swing,n,12.0
2379,guy,n,happy,j,12.0
2380,quote,n,santa,n,12.0
2381,dude,n,feel,v,12.0
2382,bath,n,wine,n,12.0
2383,brown,j,wet,j,12.0
2384,kiss,n,stop,v,12.0
2385,husky,n,match,n,12.0
2386,cocktail,n,garage,n,12.0
2387,face,n,stand,v,12.0
2388,kid,n,stop,v,12.0
2389,boxer,n,diner,n,12.0
2390,patio,n,sleep,v,12.0
2391,city,n,family,n,12.0
2392,drop,v,rusty,j,12.0
2393,parade,n,table,n,12.0
2394,dawn,n,drug,n,12.0
2395,design,n,orange,j,12.0
2396,lunch,n,sunshine,n,12.0
2397,dirty,j,dude,n,12.0
2398,fun,n,tear,n,12.0
2399,bikini,n,ivy,n,12.0
2400,step,n,swimsuit,n,12.0
2401,frog,n,poppy,n,12.0
2402,cross,n,pub,n,12.0
2403,frost,n,lily,n,12.0
2404,curve,n,outdoor,j,12.0
2405,collage,n,stream,n,12.0
2406,twig,n,underground,j,12.0
2407,chair,n,holiday,n,12.0
2408,coffee,n,sun,n,12.0
2409,lighting,n,sleep,v,12.0
2410,mill,n,wild,j,12.0
2411,circle,n,wig,n,12.0
2412,highway,n,squirrel,n,12.0
2413,pin,n,truck,n,12.0
2414,boxer,n,swimming,n,12.0
2415,shore,n,small,j,12.0
2416,punk,n,vinyl,n,12.0
2417,number,n,web,n,12.0
2418,brown,j,demolition,n,12.0
2419,interior,n,skyline,n,12.0
2420,breakfast,n,floor,n,12.0
2421,aerial,j,clown,n,12.0
2422,hat,n,peel,n,12.0
2423,baseball,n,rainbow,n,12.0
2424,dude,n,happy,j,12.0
2425,foot,n,mural,n,12.0
2426,creature,n,grey,j,12.0
2427,cross,n,outfit,n,12.0
2428,leave,v,smile,n,11.0
2429,fishing,n,rainbow,n,11.0
2430,bathroom,n,dude,n,11.0
2431,paint,v,puddle,n,11.0
2432,skating,n,sticker,n,11.0
2433,dome,n,uniform,j,11.0
2434,lawn,n,sleep,v,11.0
2435,office,n,sun,n,11.0
2436,military,j,reflection,n,11.0
2437,fashion,n,handwriting,n,11.0
2438,cop,n,ruin,n,11.0
2439,blur,v,metro,n,11.0
2440,smile,n,stop,v,11.0
2441,cute,j,lick,v,11.0
2442,cross,n,mug,n,11.0
2443,concrete,j,pin,n,11.0
2444,cigarette,n,hotel,n,11.0
2445,airplane,n,market,n,11.0
2446,architecture,n,yellow,j,11.0
2447,handle,v,terrier,n,11.0
2448,patio,n,woman,n,11.0
2449,green,j,gull,n,11.0
2450,dew,n,parrot,n,11.0
2451,country,n,hang,v,11.0
2452,dude,n,hang,v,11.0
2453,stripe,n,tank,n,11.0
2454,hang,v,tear,n,11.0
2455,crochet,n,family,n,11.0
2456,cute,j,post,v,11.0
2457,machine,n,sketch,n,11.0
2458,feel,v,haircut,n,11.0
2459,match,n,moss,n,11.0
2460,art,n,sailing,n,11.0
2461,foliage,n,restaurant,n,11.0
2462,tea,n,village,n,11.0
2463,branch,n,feline,j,11.0
2464,day,n,plane,n,11.0
2465,gold,n,idea,n,11.0
2466,moon,n,mushroom,n,11.0
2467,interior,n,tall,j,11.0
2468,mallard,n,portrait,n,11.0
2469,live,v,stitch,n,11.0
2470,fun,n,morning,n,11.0
2471,drip,v,rust,n,11.0
2472,fun,n,stop,v,11.0
2473,gull,n,mill,n,11.0
2474,dirty,j,friend,n,11.0
2475,blue,j,hand,n,11.0
2476,bucket,n,curve,n,11.0
2477,patio,n,swan,n,11.0
2478,body,n,miniature,j,11.0
2479,cafe,n,child,n,11.0
2480,belly,n,stripe,n,11.0
2481,mural,n,taxi,n,11.0
2482,furniture,n,man,n,11.0
2483,bead,n,library,n,11.0
2484,daffodil,n,wool,n,11.0
2485,eat,v,shade,n,11.0
2486,collection,n,jellyfish,n,11.0
2487,country,n,elephant,n,11.0
2488,line,n,temple,n,11.0
2489,bead,n,chess,n,11.0
2490,skirt,n,wig,n,11.0
2491,daisy,n,flood,n,11.0
2492,camera,n,rally,n,11.0
2493,happy,j,sit,v,11.0
2494,bottle,n,construction,n,11.0
2495,auto,n,bright,j,11.0
2496,computer,n,railway,n,11.0
2497,night,n,sit,v,11.0
2498,hair,n,lizard,n,11.0
2499,happy,j,lick,v,11.0
2500,jump,n,sunlight,n,11.0
2501,desert,n,smoke,n,11.0
2502,chopper,n,window,n,11.0
2503,leave,v,rusty,j,11.0
2504,hang,v,stop,v,11.0
2505,animal,n,sandwich,n,11.0
2506,cute,j,dirty,j,11.0
2507,cafe,n,draw,v,11.0
2508,boxer,n,pyramid,n,11.0
2509,arm,n,television,n,10.0
2510,feel,v,hang,v,10.0
2511,asphalt,n,moon,n,10.0
2512,dusk,n,skirt,n,10.0
2513,car,n,skull,n,10.0
2514,leave,v,sit,v,10.0
2515,outfit,n,rock,n,10.0
2516,mom,n,stop,v,10.0
2517,drip,v,round,n,10.0
2518,friend,n,stop,v,10.0
2519,asphalt,n,water,n,10.0
2520,sit,v,tear,n,10.0
2521,cafe,n,spiral,n,10.0
2522,ad,n,bacon,n,10.0
2523,green,j,phone,n,10.0
2524,duck,n,outfit,n,10.0
2525,coast,n,zebra,n,10.0
2526,breakfast,n,makeup,n,10.0
2527,purple,j,stripe,n,10.0
2528,clothes,n,skyline,n,10.0
2529,step,n,wind,n,10.0
2530,portrait,n,rocket,n,10.0
2531,break,n,glitter,v,10.0
2532,construction,n,sailing,n,10.0
2533,boy,n,gate,n,10.0
2534,lens,n,storm,n,10.0
2535,orange,j,school,n,10.0
2536,shirt,n,show,n,10.0
2537,gasoline,n,pepper,n,10.0
2538,drug,n,sing,v,10.0
2539,sticker,n,track,n,10.0
2540,furniture,n,nature,n,10.0
2541,play,v,rail,n,10.0
2542,rusty,j,stand,v,10.0
2543,military,j,wasp,n,10.0
2544,port,n,squirrel,n,10.0
2545,grape,n,rainbow,n,10.0
2546,flood,n,neon,n,10.0
2547,morning,n,tear,n,10.0
2548,memorial,n,rope,n,10.0
2549,bright,j,rusty,j,10.0
2550,home,n,wet,j,10.0
2551,feather,n,sunflower,n,10.0
2552,house,n,stop,v,10.0
2553,plant,n,skate,n,10.0
2554,cocktail,n,dandelion,n,10.0
2555,airport,n,foot,n,10.0
2556,display,n,pond,n,10.0
2557,alley,n,bloom,n,10.0
2558,escalator,n,redhead,n,10.0
2559,caterpillar,n,paint,v,10.0
2560,bacon,n,wild,j,10.0
2561,stand,v,tear,n,10.0
2562,collar,n,tiger,n,10.0
2563,car,n,hawk,n,10.0
2564,burn,v,reading,n,10.0
2565,cigarette,n,live,v,10.0
2566,footprint,n,scooter,n,10.0
2567,barn,n,mug,n,10.0
2568,bacon,n,guy,n,10.0
2569,keyboard,n,soldier,n,10.0
2570,cute,j,sit,v,10.0
2571,track,n,yellow,j,10.0
2572,bag,n,dude,n,10.0
2573,lady,n,stop,v,10.0
2574,arrow,n,mural,n,10.0
2575,jacket,n,stream,n,10.0
2576,lab,n,rusty,j,10.0
2577,jaguar,n,storm,n,10.0
2578,dirty,j,smile,n,10.0
2579,friend,n,rusty,j,10.0
2580,morning,n,stop,v,10.0
2581,cemetery,n,male,n,10.0
2582,jump,n,stitch,n,10.0
2583,friend,n,leave,v,10.0
2584,family,n,hawk,n,10.0
2585,monster,n,rock,n,10.0
2586,feel,v,time,n,10.0
2587,face,n,hang,v,10.0
2588,pizza,n,railway,n,10.0
2589,cross,n,shopping,n,10.0
2590,guy,n,hang,v,10.0
2591,craft,n,van,n,10.0
2592,art,n,beer,n,9.0
2593,beard,n,flamingo,n,9.0
2594,monster,n,shell,n,9.0
2595,bench,n,mask,n,9.0
2596,club,n,river,n,9.0
2597,boxer,n,child,n,9.0
2598,fungus,n,leather,n,9.0
2599,lick,v,stop,v,9.0
2600,creature,n,reading,n,9.0
2601,ivy,n,urban,j,9.0
2602,bed,n,candy,n,9.0
2603,feel,v,spiral,n,9.0
2604,hockey,n,sign,v,9.0
2605,daughter,n,pub,n,9.0
2606,idea,n,rusty,j,9.0
2607,lighting,n,man,n,9.0
2608,dude,n,post,v,9.0
2609,mill,n,puddle,n,9.0
2610,santa,n,table,n,9.0
2611,action,n,whisker,n,9.0
2612,eat,v,web,n,9.0
2613,hot,j,winter,n,9.0
2614,dog,n,silver,n,9.0
2615,lip,n,run,v,9.0
2616,porch,n,pug,n,9.0
2617,bird,n,pregnancy,n,9.0
2618,camera,n,crow,n,9.0
2619,eat,v,truck,n,9.0
2620,lick,v,marble,n,9.0
2621,rabbit,n,stop,v,9.0
2622,paper,n,railway,n,9.0
2623,poster,n,tank,n,9.0
2624,clothes,n,transformer,n,9.0
2625,smoking,n,sunny,j,9.0
2626,cactus,n,leg,n,9.0
2627,hold,v,theatre,n,9.0
2628,arm,n,outdoor,j,9.0
2629,lighting,n,panda,n,9.0
2630,punk,n,toe,n,9.0
2631,branch,n,protest,n,9.0
2632,daughter,n,graphic,j,9.0
2633,air,n,fruit,n,9.0
2634,book,n,copper,n,9.0
2635,night,n,sticker,n,9.0
2636,explosion,n,table,n,9.0
2637,snake,n,strawberry,n,9.0
2638,dragon,n,drop,v,9.0
2639,dog,n,sailing,n,9.0
2640,burn,v,ripple,n,9.0
2641,clock,n,pink,j,9.0
2642,kitten,n,lingerie,n,9.0
2643,abandon,v,frost,n,9.0
2644,chicken,n,star,n,9.0
2645,seed,n,stair,n,9.0
2646,leave,v,night,n,9.0
2647,small,j,valley,n,9.0
2648,green,j,number,n,9.0
2649,leave,v,morning,n,9.0
2650,lock,v,mannequin,n,9.0
2651,shade,n,whisker,n,9.0
2652,collar,n,garbage,n,9.0
2653,ink,n,organ,n,9.0
2654,poppy,n,store,n,9.0
2655,smoking,n,vine,n,9.0
2656,flame,n,word,n,9.0
2657,daffodil,n,frost,n,9.0
2658,dancer,n,rusty,j,9.0
2659,canal,n,coffee,n,9.0
2660,camera,n,mallard,n,9.0
2661,noodle,n,pigeon,n,9.0
2662,couple,n,square,j,9.0
2663,rainbow,n,whale,n,9.0
2664,fly,v,keyboard,n,9.0
2665,soup,n,view,n,9.0
2666,goat,n,pebble,n,9.0
2667,abandon,v,button,n,9.0
2668,belly,n,dark,j,9.0
2669,diamond,n,parade,n,9.0
2670,horse,n,sweet,j,9.0
2671,ancient,j,pod,n,9.0
2672,banana,n,foot,n,9.0
2673,shed,v,traffic,n,9.0
2674,bucket,n,morning,n,9.0
2675,bucket,n,duck,n,8.0
2676,dessert,n,eye,n,8.0
2677,cold,j,flag,n,8.0
2678,skin,n,television,n,8.0
2679,bedroom,n,feline,j,8.0
2680,palm,n,traffic,n,8.0
2681,necklace,n,snow,n,8.0
2682,lick,v,origami,n,8.0
2683,protest,n,tile,n,8.0
2684,beetle,n,chocolate,n,8.0
2685,monkey,n,pumpkin,n,8.0
2686,cop,n,music,n,8.0
2687,beard,n,sport,n,8.0
2688,gasoline,n,summer,n,8.0
2689,footprint,n,holiday,n,8.0
2690,abandon,v,crane,n,8.0
2691,car,n,pig,n,8.0
2692,grave,n,santa,n,8.0
2693,iron,n,splash,n,8.0
2694,dirt,n,gymnastics,n,8.0
2695,orange,j,wet,j,8.0
2696,ceramic,j,ocean,n,8.0
2697,vintage,j,zebra,n,8.0
2698,hair,n,shore,n,8.0
2699,lingerie,n,underground,j,8.0
2700,marble,n,postcard,n,8.0
2701,fish,n,leg,n,8.0
2702,book,n,smoking,n,8.0
2703,kiss,n,rusty,j,8.0
2704,canal,n,number,n,8.0
2705,kitchen,n,sleep,v,8.0
2706,cherry,n,lamb,n,8.0
2707,bag,n,cop,n,8.0
2708,leaf,n,moon,n,8.0
2709,dude,n,time,n,8.0
2710,kitchen,n,outfit,n,8.0
2711,garbage,n,jean,n,8.0
2712,bedroom,n,downtown,j,8.0
2713,grass,n,ski,n,8.0
2714,day,n,hold,v,8.0
2715,mug,n,vehicle,n,8.0
2716,lighting,n,small,j,8.0
2717,sea,n,sing,v,8.0
2718,computer,n,farm,n,8.0
2719,feline,j,pumpkin,n,8.0
2720,jean,n,map,n,8.0
2721,dirty,j,eagle,n,8.0
2722,book,n,ceramic,j,8.0
2723,van,n,vine,n,8.0
2724,desert,n,roof,n,8.0
2725,seagull,n,tag,n,8.0
2726,jewelry,n,muscle,n,8.0
2727,milk,n,outdoor,j,8.0
2728,guy,n,rusty,j,8.0
2729,chocolate,n,jellyfish,n,8.0
2730,boxer,n,stair,n,8.0
2731,jaguar,n,pier,n,7.0
2732,nut,n,waterfall,n,7.0
2733,bread,n,chair,n,7.0
2734,goat,n,vinyl,n,7.0
2735,kitten,n,rain,n,7.0
2736,hang,v,smile,n,7.0
2737,bikini,n,sculpture,n,7.0
2738,bible,n,dirt,n,7.0
2739,portrait,n,underground,j,7.0
2740,clock,n,stripe,n,7.0
2741,bud,n,floor,n,7.0
2742,air,n,knit,v,7.0
2743,idea,n,stop,v,7.0
2744,haircut,n,stop,v,7.0
2745,storm,n,sweet,j,7.0
2746,auto,n,santa,n,7.0
2747,marble,n,sing,v,7.0
2748,drive,n,ear,n,7.0
2749,bear,v,subway,n,7.0
2750,pumpkin,n,road,n,7.0
2751,makeup,n,race,n,7.0
2752,wash,v,web,n,7.0
2753,haircut,n,pyramid,n,7.0
2754,blonde,j,rock,n,7.0
2755,belly,n,field,n,7.0
2756,mammal,n,yellow,j,7.0
2757,paint,v,sing,v,7.0
2758,cat,n,locomotive,n,7.0
2759,dead,j,sidewalk,n,7.0
2760,angel,n,pod,n,7.0
2761,eat,v,underwater,j,7.0
2762,makeup,n,square,j,7.0
2763,cigarette,n,tile,n,7.0
2764,museum,n,scratch,n,7.0
2765,butterfly,n,stadium,n,7.0
2766,graveyard,n,porch,n,7.0
2767,flame,n,peacock,n,7.0
2768,chopper,n,poppy,n,7.0
2769,rusty,j,tear,n,7.0
2770,bloom,n,friend,n,7.0
2771,gun,n,jaguar,n,7.0
2772,guy,n,stop,v,7.0
2773,cloud,n,kitten,n,7.0
2774,pillow,n,stone,n,7.0
2775,stocking,n,tomato,n,7.0
2776,frost,n,protest,n,7.0
2777,sign,v,stocking,n,7.0
2778,angel,n,asphalt,n,7.0
2779,ski,n,skirt,n,7.0
2780,cat,n,purple,j,7.0
2781,diner,n,muscle,n,7.0
2782,marble,n,sunglasses,n,7.0
2783,berry,n,fly,v,7.0
2784,chocolate,n,rock,n,7.0
2785,airplane,n,guitar,n,7.0
2786,bread,n,ocean,n,7.0
2787,bay,n,chipmunk,n,7.0
2788,tall,j,wool,n,7.0
2789,restaurant,n,violet,n,7.0
2790,drop,v,fun,n,7.0
2791,purple,j,twig,n,7.0
2792,cemetery,n,cone,n,7.0
2793,face,n,stop,v,7.0
2794,dude,n,stop,v,7.0
2795,bicycle,n,handwriting,n,7.0
2796,chapel,n,dusk,n,7.0
2797,cute,j,twig,n,7.0
2798,dragon,n,oak,n,7.0
2799,drug,n,reflection,n,7.0
2800,apple,n,relax,v,7.0
2801,bakery,n,panorama,n,7.0
2802,mallard,n,poster,n,7.0
2803,snake,n,taxi,n,7.0
2804,dessert,n,head,n,7.0
2805,bear,v,hockey,n,7.0
2806,puddle,n,red,j,7.0
2807,brick,n,dress,n,7.0
2808,building,n,zombie,n,7.0
2809,neon,n,tank,n,7.0
2810,bible,n,cottage,n,7.0
2811,bath,n,panorama,n,7.0
2812,automobile,n,fabric,n,7.0
2813,gun,n,picture,n,7.0
2814,cow,n,table,n,6.0
2815,bear,v,construction,n,6.0
2816,dye,n,kiss,n,6.0
2817,baseball,n,bear,v,6.0
2818,crab,n,grave,n,6.0
2819,craft,n,soup,n,6.0
2820,lock,v,misty,j,6.0
2821,horse,n,interior,n,6.0
2822,grass,n,stop,v,6.0
2823,jellyfish,n,punk,n,6.0
2824,parade,n,salad,n,6.0
2825,reptile,n,vacation,n,6.0
2826,clown,n,flood,n,6.0
2827,aerial,j,violet,n,6.0
2828,crab,n,ink,n,6.0
2829,canyon,n,pizza,n,6.0
2830,butterfly,n,leave,v,6.0
2831,hamster,n,party,n,6.0
2832,museum,n,swim,v,6.0
2833,lego,n,rodent,n,6.0
2834,branch,n,lego,n,6.0
2835,game,n,husky,n,6.0
2836,camel,n,highway,n,6.0
2837,baseball,n,cheetah,n,6.0
2838,stripe,n,weather,n,6.0
2839,journal,n,squirrel,n,6.0
2840,cake,n,rusty,j,6.0
2841,bacon,n,view,n,6.0
2842,dandelion,n,stand,v,6.0
2843,cheetah,n,flame,n,6.0
2844,abstract,j,vehicle,n,6.0
2845,party,n,sink,v,6.0
2846,floor,n,transformer,n,6.0
2847,amphibian,n,berry,n,6.0
2848,marble,n,monkey,n,6.0
2849,jump,n,salad,n,6.0
2850,subway,n,valentine,n,6.0
2851,baseball,n,cactus,n,6.0
2852,ancient,j,poster,n,6.0
2853,grass,n,skull,n,6.0
2854,cattle,n,web,n,6.0
2855,drive,n,lego,n,6.0
2856,fly,v,sexy,j,6.0
2857,ink,n,tropical,j,6.0
2858,pyramid,n,swimsuit,n,6.0
2859,chess,n,sleep,v,6.0
2860,bag,n,wild,j,6.0
2861,chapel,n,whisker,n,6.0
2862,chair,n,word,n,6.0
2863,angel,n,construction,n,6.0
2864,exhibition,n,soup,n,6.0
2865,kitten,n,travel,n,6.0
2866,swim,v,vehicle,n,6.0
2867,costume,n,ocean,n,6.0
2868,pigeon,n,reading,n,6.0
2869,origami,n,stadium,n,6.0
2870,animal,n,candy,n,6.0
2871,happy,j,stop,v,5.0
2872,insect,n,mom,n,5.0
2873,canyon,n,piano,n,5.0
2874,leather,n,swan,n,5.0
2875,goose,n,outfit,n,5.0
2876,sunglasses,n,weed,n,5.0
2877,play,v,wine,n,5.0
2878,monkey,n,restaurant,n,5.0
2879,goose,n,locomotive,n,5.0
2880,garage,n,mammal,n,5.0
2881,drug,n,wolf,n,5.0
2882,graveyard,n,pug,n,5.0
2883,chair,n,ipod,n,5.0
2884,rice,n,ticket,n,5.0
2885,mammal,n,rope,n,5.0
2886,hill,n,rust,n,5.0
2887,paw,n,protest,n,5.0
2888,petal,n,pug,n,5.0
2889,interior,n,mushroom,n,5.0
2890,chocolate,n,squirrel,n,5.0
2891,mammal,n,write,v,5.0
2892,reading,n,seagull,n,5.0
2893,parking,n,photographer,n,5.0
2894,tea,n,whisker,n,5.0
2895,cactus,n,gasoline,n,5.0
2896,kitchen,n,wedding,n,5.0
2897,chocolate,n,wig,n,5.0
2898,hang,v,mom,n,5.0
2899,dragonfly,n,piano,n,5.0
2900,leather,n,sunshine,n,5.0
2901,handwriting,n,pig,n,5.0
2902,brick,n,rabbit,n,5.0
2903,burger,n,mountain,n,5.0
2904,girl,n,morning,n,5.0
2905,canal,n,silhouette,n,5.0
2906,advertisement,n,pond,n,5.0
2907,paw,n,theatre,n,5.0
2908,raspberry,n,write,v,5.0
2909,family,n,red,j,5.0
2910,concrete,j,swan,n,5.0
2911,bedroom,n,canyon,n,5.0
2912,breakfast,n,staircase,n,5.0
2913,flame,n,sidewalk,n,5.0
2914,carrot,n,city,n,5.0
2915,ipod,n,rope,n,5.0
2916,lick,v,rusty,j,5.0
2917,meat,n,pond,n,5.0
2918,female,j,machine,n,5.0
2919,live,v,makeup,n,5.0
2920,piano,n,wolf,n,5.0
2921,girl,n,wind,n,5.0
2922,frog,n,subway,n,5.0
2923,map,n,weed,n,5.0
2924,bike,n,flame,n,5.0
2925,dew,n,engine,n,5.0
2926,cake,n,library,n,5.0
2927,carnival,n,wool,n,5.0
2928,bottle,n,library,n,5.0
2929,eat,v,hair,n,5.0
2930,dragon,n,furniture,n,5.0
2931,skull,n,storm,n,5.0
2932,rodent,n,smile,n,5.0
2933,punk,n,skyscraper,n,5.0
2934,gun,n,pizza,n,4.0
2935,female,j,square,j,4.0
2936,pub,n,snowman,n,4.0
2937,meat,n,moon,n,4.0
2938,potato,n,skating,n,4.0
2939,dragonfly,n,wine,n,4.0
2940,flight,n,whisker,n,4.0
2941,boxer,n,lighthouse,n,4.0
2942,fungus,n,wedding,n,4.0
2943,lick,v,pier,n,4.0
2944,mirror,n,raspberry,n,4.0
2945,bike,n,hummingbird,n,4.0
2946,key,j,misty,j,4.0
2947,cafe,n,frog,n,4.0
2948,soup,n,wool,n,4.0
2949,carrot,n,memorial,n,4.0
2950,lion,n,square,j,4.0
2951,bucket,n,girl,n,4.0
2952,feline,j,nut,n,4.0
2953,gun,n,quote,n,4.0
2954,furniture,n,pizza,n,4.0
2955,goose,n,stencil,n,4.0
2956,chicken,n,knit,v,4.0
2957,abstract,j,frog,n,4.0
2958,ceiling,n,mug,n,4.0
2959,fish,n,rocket,n,4.0
2960,flamingo,n,office,n,4.0
2961,rabbit,n,sphere,n,4.0
2962,ice,n,sheep,n,4.0
2963,car,n,tongue,n,4.0
2964,bracelet,n,mountain,n,4.0
2965,cocktail,n,write,v,4.0
2966,lego,n,weather,n,4.0
2967,cigarette,n,skating,n,3.0
2968,happy,j,rusty,j,3.0
2969,tomato,n,whale,n,3.0
2970,chess,n,cigarette,n,3.0
2971,fish,n,theatre,n,3.0
2972,donut,n,panda,n,3.0
2973,hot,j,zombie,n,3.0
2974,machine,n,pond,n,3.0
2975,guitar,n,nude,j,3.0
2976,giraffe,n,mist,n,3.0
2977,bread,n,cliff,n,3.0
2978,bible,n,misty,j,3.0
2979,construction,n,violet,n,3.0
2980,cheetah,n,soup,n,3.0
2981,puppy,n,skyline,n,3.0
2982,child,n,ford,n,3.0
2983,cheetah,n,phone,n,3.0
2984,explosion,n,stencil,n,3.0
2985,carrot,n,design,n,2.0
2986,jellyfish,n,rally,n,2.0
2987,military,j,tomato,n,2.0
2988,gun,n,stair,n,2.0
2989,cafe,n,lizard,n,2.0
2990,post,v,tulip,n,2.0
2991,grave,n,hat,n,2.0
2992,apple,n,cute,j,2.0
2993,angel,n,gasoline,n,1.0
2994,giraffe,n,harbor,n,1.0
2995,feather,n,truck,n,1.0
2996,festival,n,whisker,n,1.0
2997,muscle,n,tulip,n,1.0
2998,bikini,n,pizza,n,1.0
2999,bakery,n,zebra,n,0.0
